순번;자치단체;시설유형;시설구분;시설명;건립일;운영방식;건물면적(㎡);토지면적(㎡);관리인력;연간이용인원;건립비용;자산가치 변동현황;자산가치 변동현황;자산가치 변동현황;자산가치 변동현황;자산가치 변동현황;비용;수익;순수익
취득가액;감가상각액;감가상각 누계액;장부가액;내용연수
1;서울본청;문화시설;공립도서관;서울도서관;2012.10.26;직영;9,499;18,711;53;1,148,307;2,522;64,100;0;64,100;0;40;2,522;0;-2,522
2;서울본청;문화시설;박물관;서울역사박물관;1998.02.03;직영;20,883;99,728;259;1,788,452;14,006;34,000;0;12,930;21,070;40;14,006;806;-13,199
3;서울본청;문화시설;박물관;한성백제박물관;2011.12.31;직영;19,423;14,894;134;744,639;12,776;79,531;367;2,200;77,330;40;12,776;273;-12,503
4;서울본청;문화시설;미술관;서울시립미술관;2002.01.31;직영;13,433;25,420;144;1,818,375;11,972;27,804;695;10,253;17,551;40;11,972;1,164;-10,809
5;서울본청;문화시설;문화예술회관;동대문디자인플라자;2013.11.30;위탁;86,574;62,108;65;9,237,337;16,797;384,332;10,128;19,736;364,596;40;16,797;15,700;-1,098
6;서울본청;문화시설;문화예술회관;블루스퀘어;2011.11.03;BTO;10,922;30,250;69;653,427;0;54,837;1,450;5,905;48,932;40;0;1,572;1,572
7;서울본청;문화시설;문화예술회관;세종문화회관;1978.04.14;위탁;13,081;55,758;423;1,987,428;37,260;28,533;444;8,870;19,663;40;37,260;38,637;1,377
8;서울본청;문화시설;청소년수련회관;노원청소년수련관;1997.06.30;위탁;8,246;3,560;77;896,849;4,789;39,443;88;1,266;38,177;40;4,789;5,033;244
9;서울본청;문화시설;청소년수련회관;마포청소년수련관;2008.11.01;위탁;5,208;2,286;35;844,943;3,803;27,022;774;4,824;22,198;40;3,803;3,805;1
10;서울본청;문화시설;청소년수련회관;목동청소년수련관;1997.10.21;위탁;6,203;5,743;31;653,393;2,667;32,209;61;1,223;30,986;40;2,667;2,918;251
11;서울본청;문화시설;청소년수련회관;은평청소년수련관;2003.10.25;위탁;4,963;13,500;41;769,998;3,367;23,130;267;2,469;20,661;40;3,367;3,559;192
12;서울본청;문화시설;과학관;서울시립과학관;2016.06.30;직영;12,330;25,875;73;170,585;4,210;42,349;2,223;2,223;40,126;40;4,210;384;-3,826
13;서울본청;체육시설;육상경기장;잠실올림픽주경기장;1984.09.29;직영;75,469;111,792;30;702,886;8,523;36,736;0;26,559;10,177;40;8,523;8,618;95
14;서울본청;체육시설;축구장;서울월드컵경기장;2001.12.27;위탁;58,552;216,712;0;887,619;9,650;83,642;2,091;31,540;52,102;40;9,650;19;-9,631
15;서울본청;체육시설;야구장;잠실야구장;1982.07.15;위탁;26,331;45,312;40;2,392,566;2,251;21,646;0;16,882;4,764;40;2,251;14,524;12,274
16;서울본청;기타시설;기타시설;서울에너지드림센터;2012.12.10;위탁;3,762;13,039;12;101,898;914;20,306;508;2,583;18,231;40;914;35;-880
17;서울종로구;체육시설;체육관;종로문화체육센터;2007.04.01;위탁;6,756;3,069;39;675,333;2,432;19,535;385;3,815;15,720;40;2,432;2,325;-107
18;서울종로구;기타시설;기타시설;종로구민회관;2000.01.31;위탁;11,262;3,974;44;560,367;2,493;22,582;323;5,466;17,116;40;2,493;1,659;-834
19;서울중구;문화시설;문화예술회관;충무아트센터;2005.02.04;위탁;25,994;6,512;46;447,855;7,696;34,639;517;5,665;28,974;40;7,696;7,258;-438
20;서울중구;체육시설;체육관;충무아트홀 스포츠센터;2005.02.04;위탁;12,520;9,172;35;1,774,006;3,368;14,149;354;2,668;16,265;40;3,368;4,379;1,011
21;서울중구;체육시설;체육관;회현체육센터;2009.05.01;위탁;4,829;2,693;21;377,154;1,428;14,365;359;2,104;13,500;40;1,428;821;-607
22;서울중구;기타시설;기타시설;중구구민회관;1990.06.05;위탁;1,899;5,224;0;0;837;14,163;82;1,520;12,643;40;837;628;-210
23;서울용산구;문화시설;문화예술회관;용산아트홀;2010.07.01;직영;8,519;13,497;8;120,000;645;27,048;676;5,362;21,686;40;645;270;-375
24;서울용산구;체육시설;체육관;용산구문화체육센터;2005.08.10;위탁;5,919;1,272;25;448,872;1,769;14,853;381;4,564;10,289;40;1,769;1,563;-205
25;서울용산구;복지시설;종합사회복지관;갈월종합사회복지관;2001.09.01;위탁;6,358;1,627;37;387,028;2,459;12,592;247;4,076;8,516;40;2,459;2,559;100
26;서울용산구;기타시설;기타시설;용산청소년수련관;2006.06.15;위탁;6,497;1,333;31;74,991;2,345;14,000;287;3,245;10,755;40;2,345;2,286;-59
27;서울성동구;문화시설;공립도서관;성동구립도서관;1999.04.23;위탁;5,692;1,894;28;1,418,541;1,899;12,148;304;5,694;6,454;40;1,899;240;-1,660
28;서울성동구;기타시설;기타시설;성수문화복지회관;2012.09.14;위탁;9,726;2,204;21;408,241;1,091;23,580;589;2,898;20,681;40;1,091;396;-695
29;서울광진구;문화시설;공립도서관;광진정보도서관;2000.11.10;위탁;7,283;3,499;27;1,261,416;1,702;10,540;69;1,199;18,286;40;1,702;125;-1,578
30;서울광진구;문화시설;문화예술회관;광진문화예술회관;2005.03.01;위탁;18,860;5,931;26;770,241;3,089;32,220;350;2,756;35,517;40;3,089;3,610;520
31;서울광진구;체육시설;체육관;광진구민체육센터;2006.06.30;위탁;6,623;10,921;27;1,017,952;3,483;25,369;468;5,410;21,639;40;3,483;3,526;43
32;서울광진구;체육시설;체육관;중곡문화체육센터;2008.10.28;위탁;8,176;3,690;25;688,174;2,821;16,500;413;3,815;16,637;40;2,821;2,530;-290
33;서울동대문구;문화시설;공립도서관;답십리도서관;2014.04.03;위탁;3,142;883;18;496,155;829;11,519;288;864;10,655;40;829;161;-668
34;서울동대문구;체육시설;체육관;동대문구체육관;2004.10.05;위탁;5,742;5,746;13;359,763;659;11,438;286;3,717;7,721;40;659;481;-178
35;서울동대문구;복지시설;종합사회복지관;동대문종합사회복지관;2000.07.15;위탁;7,464;1,845;57;537,581;4,221;9,885;249;4,272;5,613;40;4,221;4,870;649
36;서울중랑구;문화시설;공립도서관;중랑구립정보도서관;1999.01.26;위탁;5,106;3,307;27;1,687,119;1,659;11,447;141;2,531;8,915;40;1,659;191;-1,468
37;서울중랑구;체육시설;체육관;중랑구민체육센터;1999.08.31;위탁;6,302;3,248;31;1,100,430;2,840;9,314;233;4,055;9,455;40;2,840;2,736;-104
38;서울중랑구;체육시설;체육관;중랑문화체육관;2006.08.07;위탁;5,075;6,998;25;731,578;1,908;15,213;301;3,138;12,075;40;1,908;1,303;-605
39;서울성북구;문화시설;공립도서관;성북정보도서관;2001.12.15;위탁;6,667;2,468;25;290,954;1,483;13,134;571;5,582;7,552;40;1,483;87;-1,396
40;서울강북구;문화시설;문화예술회관;강북문화예술회관;2001.11.01;위탁;11,570;13,478;42;1,201,228;2,832;34,090;852;13,636;20,454;40;2,832;1,401;-1,432
41;서울강북구;체육시설;축구장;강북구민운동장;2000.07.22;위탁;172;12,000;5;202,209;238;13,593;340;5,947;7,646;40;238;198;-40
42;서울강북구;체육시설;체육관;강북웰빙스포츠센터;2005.01.31;위탁;6,828;4,539;33;942,498;2,818;14,480;362;4,706;9,774;40;2,818;2,055;-762
43;서울도봉구;문화시설;박물관;둘리뮤지엄;2015.04.30;위탁;4,151;5,600;17;94,495;1,143;16,851;421;1,123;15,728;40;1,143;331;-812
44;서울노원구;문화시설;공립도서관;노원정보도서관;2006.02.15;위탁;6,526;2,850;26;2,250,000;1,903;16,792;359;4,340;12,452;40;1,903;77;-1,825
45;서울노원구;문화시설;문화예술회관;노원문화예술회관;2004.02.10;위탁;13,167;3,071;36;216,571;2,312;24,550;519;6,745;17,805;40;2,312;750;-1,562
46;서울노원구;체육시설;기타체육시설;월계문화체육센터;2017.09.01;위탁;7,999;261,303;34;24,040;1,699;22,682;47;47;22,635;40;1,699;803;-896
47;서울은평구;문화시설;박물관;은평역사한옥박물관;2014.10.07;직영;2,901;6,530;14;56,389;1,178;12,276;307;1,918;10,358;40;1,178;66;-1,112
48;서울은평구;문화시설;문화예술회관;은평문화예술회관;1996.11.15;위탁;9,151;16,083;29;203,516;1,389;3,035;76;1,530;16,113;40;1,389;433;-955
49;서울은평구;체육시설;체육관;은평구민체육센터;2003.09.01;위탁;8,847;9,988;47;128,700;2,615;16,700;317;5,064;11,635;40;2,615;2,836;220
50;서울은평구;체육시설;체육관;은평다목적체육관;2014.02.12;위탁;2,954;5,876;10;22,870;777;8,564;214;1,586;25,838;40;777;304;-473
51;서울서대문구;문화시설;박물관;서대문자연사박물관;2003.07.10;직영;1,998;10,351;34;328,427;3,613;5,493;66;2,491;21,379;60;3,613;2,000;-1,613
52;서울마포구;문화시설;공립도서관;마포중앙도서관;2017.10.27;직영;20,229;10,754;47;195,987;1,079;39,945;416;416;39,529;40;1,079;415;-664
53;서울마포구;체육시설;체육관;마포구민체육센터;2015.10.30;위탁;7,390;3,554;24;152,408;1,356;16,542;415;859;15,683;40;1,356;1,797;442
54;서울마포구;기타시설;기타시설;마포아트센터;2002.04.26;위탁;19,756;8,388;54;133,986;7,454;31,234;781;12,299;18,936;40;7,454;7,577;124
55;서울양천구;문화시설;문화예술회관;양천문화회관;1998.01.12;직영;12,801;4,658;13;260,000;663;18,590;437;9,848;11,699;40;663;194;-470
56;서울강서구;문화시설;박물관;허준박물관;2004.11.20;위탁;1,793;5,693;10;71,565;601;10,029;73;651;9,378;40;601;66;-535
57;서울강서구;문화시설;미술관;겸재정선미술관;2008.11.30;위탁;880;4,065;10;60,860;588;16,566;240;2,198;14,368;40;588;61;-527
58;서울강서구;체육시설;체육관;강서구민올림픽체육센터;2000.07.31;위탁;11,357;3,011;39;65,086;3,215;14,037;149;2,553;11,484;40;3,215;2,213;-1,001
59;서울강서구;체육시설;체육관;마곡레포츠센터;2006.11.30;위탁;4,079;20,000;23;69,736;1,922;13,120;328;3,581;9,539;40;1,922;1,663;-259
60;서울금천구;문화시설;문화예술회관;금나래아트홀;2008.11.01;위탁;6,261;6,261;17;121,262;450;18,210;455;4,097;14,113;40;450;52;-398
61;서울금천구;체육시설;기타체육시설;금천구민문화체육센터;2001.03.12;위탁;9,115;5,529;26;92,833;2,621;20,479;418;6,692;13,788;40;2,621;2,616;-5
62;서울영등포구;체육시설;체육관;영등포제1스포츠센터;2004.09.01;위탁;9,169;19,782;20;119,784;3,115;15,888;397;5,329;10,559;40;3,115;3,156;41
63;서울영등포구;체육시설;체육관;영등포제2스포츠센터;2014.08.01;위탁;6,674;1,506;19;63,197;2,516;22,105;553;1,934;20,171;40;2,516;2,837;321
64;서울영등포구;기타시설;기타시설;영등포구민회관;1992.12.29;위탁;3,290;7,075;16;62,340;987;24,631;866;11,429;13,203;40;987;3,238;2,251
65;서울동작구;체육시설;기타체육시설;동작구민체육센터;2002.05.10;위탁;8,650;4,709;23;77,552;4,081;22,132;137;1,867;20,265;40;4,081;4,127;46
66;서울동작구;체육시설;기타체육시설;사당종합체육관;2017.03.27;위탁;7,102;3,202;16;23,307;1,350;22,376;43;43;22,333;40;1,350;1,262;-88
67;서울동작구;기타시설;기타시설;동작문화복지센터;1999.05.28;직영;10,022;2,897;14;833,000;743;17,458;356;6,019;11,439;40;743;83;-660
68;서울관악구;문화시설;문화예술회관;관악문화관;2002.08.28;위탁;14,279;7,349;44;658,685;4,698;31,460;649;8,410;23,050;40;4,698;145;-4,553
69;서울관악구;체육시설;체육관;관악구민종합체육센터;2000.09.08;위탁;1,924;10,357;39;98,860;2,895;6,914;218;2,244;4,671;40;2,895;2,592;-304
70;서울서초구;문화시설;공립도서관;서초구립반포도서관;2013.03.12;위탁;3,591;1,320;18;817,455;1,436;20,410;510;2,551;17,858;40;1,436;62;-1,374
71;서울서초구;기타시설;기타시설;심산기념문화센터;2010.01.22;위탁;8,415;26,092;10;211,978;1,417;17,200;430;3,118;14,083;40;1,417;743;-674
72;서울강남구;문화시설;공립도서관;도곡정보문화도서관;2012.12.14;위탁;2,930;2,812;10;1,128,126;741;27,758;694;3,528;24,230;40;741;10;-731
73;서울강남구;문화시설;청소년수련회관;역삼청소년수련관;2004.01.30;위탁;7,048;1,372;32;331,498;2,885;13,141;329;4,555;8,586;40;2,885;3,085;200
74;서울강남구;체육시설;체육관;강남스포츠문화센터;2005.03.01;위탁;1,571;3,304;44;87,412;3,137;20,038;511;6,278;13,760;40;3,137;1,751;-1,387
75;서울송파구;문화시설;공립도서관;글마루도서관;2013.10.25;위탁;3,696;9,949;18;990,519;1,359;11,513;250;1,085;10,428;40;1,359;85;-1,274
76;서울송파구;체육시설;기타체육시설;송파구체육문화회관;2004.02.10;위탁;8,983;4,426;37;775,000;3,874;15,300;10;237;15,063;40;3,874;4,015;141
77;서울강동구;문화시설;문화예술회관;강동아트센터;2010.11.20;직영;18,065;20,252;29;79,454;3,467;55,109;1,374;9,965;47,410;40;3,467;825;-2,643
78;서울강동구;체육시설;체육관;온조대왕문화체육관;2003.12.07;위탁;1,745;6,490;31;67,429;2,697;13,664;100;1,413;14,803;40;2,697;2,035;-662
79;부산본청;문화시설;박물관;복천박물관;1996.02.26;직영;7,798;56,334;24;191,094;2,526;43,447;33;741;42,706;40;2,526;0;-2,526
80;부산본청;문화시설;미술관;부산광역시립미술관;1998.03.20;직영;22,826;27,191;50;603,366;8,379;41,192;154;24,129;17,063;40;8,379;170;-8,209
81;부산본청;문화시설;문화예술회관;부산문화회관;1988.07.25;위탁;44,009;48,424;57;249,987;9,371;44,600;871;29,725;14,875;40;9,371;2,586;-6,785
82;부산본청;문화시설;문화예술회관;영화의전당;2011.09.28;위탁;54,335;32,137;48;953,361;12,530;167,850;3,402;20,536;147,314;40;12,530;4,442;-8,087
83;부산본청;체육시설;육상경기장;아시아드주경기장;2001.09.01;직영;103,163;114,098;68;507,608;2,852;230,612;2,223;21,621;208,991;40;2,852;3,994;1,142
84;부산본청;체육시설;싸이클경기장;금정체육공원;2002.07.31;위탁;36,542;19,769;84;330,341;26,079;75,232;1,880;30,092;45,140;40;26,079;27,949;1,871
85;부산본청;체육시설;테니스장;금정체육공원;2002.07.31;위탁;7,867;2,630;5;45,248;1,133;35,600;890;14,240;21,360;40;1,133;652;-481
86;부산본청;체육시설;체육관;강서체육공원 체육관;2002.08.01;직영;21,440;12,236;25;1,225,048;2,562;32,931;221;3,287;29,644;40;2,562;847;-1,714
87;부산본청;체육시설;체육관;금정체육공원;2002.07.31;위탁;21,075;7,354;8;381,431;4,878;41,800;1,045;16,720;25,080;40;4,878;2,806;-2,072
88;부산본청;체육시설;체육관;기장체육관;2002.08.01;직영;21,471;61,135;20;120,019;1,139;48,010;282;4,353;43,657;40;1,139;47;-1,092
89;부산본청;체육시설;체육관;사직실내체육관;1985.08.28;직영;31,041;25,901;20;666,967;1,940;22,953;305;7,725;15,228;40;1,940;646;-1,294
90;부산본청;체육시설;수영장;종합운동장실내수영장;1989.02.01;직영;18,149;25,411;42;723,892;1,458;23,090;185;5,347;17,743;40;1,458;2,073;615
91;부산본청;체육시설;요트장;요트경기장;1986.04.03;직영;14,013;138,561;33;339,436;2,440;70,826;44;1,309;69,517;40;2,440;1,893;-548
92;부산동구;체육시설;기타체육시설;동구국민체육문예센터;2017.08.24;직영;5,719;2,818;29;530,000;612;17,903;140;140;17,763;40;612;595;-17
93;부산영도구;문화시설;문화예술회관;영도문화예술회관;2009.10.19;직영;3,538;26,987;21;61,124;1,010;10,500;263;2,100;8,400;40;1,010;101;-909
94;부산영도구;체육시설;체육관;영도국민체육센터;2009.01.02;위탁;7,890;26,987;47;732,844;2;11,500;288;2,300;9,200;40;2;0;-2
95;부산부산진구;체육시설;기타체육시설;부산진구 국민체육센터;2017.07.14;위탁;3,704;5,809;22;195,693;20;13,637;145;152;13,485;25;20;0;-20
96;부산동래구;문화시설;문화예술회관;동래문화회관;1999.10.22;직영;5,539;10,957;24;130,782;1,907;12,691;60;1,029;11,662;40;1,907;150;-1,757
97;부산동래구;체육시설;체육관;동래구국민체육센터;2014.06.26;위탁;4,869;1,822;29;404,548;0;14,127;217;796;13,331;40;0;151;151
98;부산남구;체육시설;기타체육시설;남구국민체육센터;2010.01.15;직영;5,559;10,900;77;618,586;2,769;10,959;277;2,101;8,858;40;2,769;2,776;7
99;부산북구;기타시설;기타시설;부산북구문화빙상센터;2005.07.13;직영;8,295;33,402;21;179,720;1,766;21,400;515;6,520;14,880;40;1,766;1,036;-730
100;부산해운대구;문화시설;공립도서관;해운대도서관;2010.02.12;위탁;8,555;4,970;36;2,081,784;374;14,761;369;2,922;11,840;40;374;3;-371
101;부산해운대구;문화시설;문화예술회관;해운대문화회관;2007.03.30;직영;6,514;3,686;23;150,000;1,209;11,108;222;2,518;8,590;50;1,209;391;-819
102;부산해운대구;기타시설;기타시설;해운대구문화복합센터;2013.10.30;직영;8,263;3,965;13;163,850;678;12,509;152;955;11,554;40;678;58;-619
103;부산사하구;문화시설;문화예술회관;을숙도문화회관;2002.10.05;직영;10,273;33,058;18;108,291;1,763;23,182;98;1,335;21,848;40;1,763;109;-1,654
104;부산사하구;체육시설;체육관;사하구 국민체육센터;2006.04.07;위탁;7,251;3,656;61;60,000;150;13,700;242;2,583;11,117;40;150;0;-150
105;부산금정구;문화시설;문화예술회관;금정문화회관;2000.03.31;직영;16,603;15,922;23;107,477;2,623;27,660;1,257;12,447;15,213;40;2,623;576;-2,047
106;부산강서구;체육시설;체육관;강서구 국민체육센터;2013.02.06;위탁;5,111;7,471;28;33,031;40;15,530;388;1,909;13,621;40;40;0;-40
107;부산연제구;체육시설;기타체육시설;연제구국민체육센터;2013.09.05;직영;7,693;17,286;6;324,033;1,782;14,517;355;1,448;13,070;40;1,782;1,553;-229
108;부산연제구;복지시설;종합사회복지관;거제종합사회복지관;2012.12.11;위탁;3,656;2,297;17;241,119;1,637;10,609;153;776;9,833;40;1,637;824;-813
109;부산사상구;기타시설;기타시설;사상구 다누림센터;2012.03.13;위탁;18,019;6,520;124;367,300;5,363;28,652;580;2,998;25,654;40;5,363;2,959;-2,404
110;부산기장군;체육시설;체육관;국민체육공원 월드컵빌리지;2012.08.30;위탁;5,085;249,291;10;361,310;3,441;23,212;261;1,339;128,555;40;3,441;1,146;-2,295
111;대구본청;문화시설;박물관;DTC섬유박물관;2015.05.29;위탁;49,667;13,732;16;72,631;969;113,068;4,288;13,693;99,375;40;969;145;-825
112;대구본청;문화시설;미술관;대구미술관;2011.05.26;직영;21,701;71,202;65;205,106;6,474;67,569;1,391;10,783;56,786;40;6,474;156;-6,318
113;대구본청;문화시설;문화예술회관;대구문화예술회관;1990.05.21;직영;24,124;66,100;86;603,681;6,532;26,200;424;7,159;19,041;40;6,532;593;-5,939
114;대구본청;문화시설;문화예술회관;대구오페라하우스;2003.08.07;위탁;17,269;8,659;32;82,720;9,623;44,000;234;3,358;40,642;40;9,623;935;-8,688
115;대구본청;문화시설;문화예술회관;대구콘서트하우스;1975.10.05;직영;26,794;10,331;22;137,013;6,754;54,880;482;16,803;38,077;40;6,754;1;-6,753
116;대구본청;문화시설;과학관;대구광역시어린이회관;1983.11.15;직영;9,021;145,883;43;1,272,157;2,559;36,920;39;874;36,046;40;2,559;169;-2,389
117;대구본청;체육시설;육상경기장;대구스타디움;2001.06.28;직영;139,771;249,974;44;428,627;5,960;283,600;1,835;30,279;253,321;40;5,960;504;-5,456
118;대구본청;체육시설;육상경기장;대구육상진흥센터;2013.12.03;직영;21,600;32,160;16;79,750;1,770;72,500;1,522;5,579;66,921;40;1,770;160;-1,610
119;대구본청;체육시설;야구장;대구삼성라이온즈파크;2016.02.25;위탁;150,868;46,943;40;804,629;6,022;166,600;3,037;5,820;160,780;40;6,022;6,485;463
120;대구본청;체육시설;사격장;대구사격장;2008.10.27;위탁;17,021;191,300;24;190,727;2,574;49,553;1,107;10,148;39,405;40;2,574;1,284;-1,291
121;대구중구;문화시설;문화예술회관;봉산문화회관;2004.10.05;직영;6,390;3,273;14;111,283;1,706;18,055;141;5,642;12,413;40;1,706;397;-1,309
122;대구동구;문화시설;문화예술회관;아양아트센터;2004.05.04;위탁;11,978;25,057;26;201,432;6,646;28,228;649;5,794;22,434;40;6,646;7,435;790
123;대구서구;문화시설;문화예술회관;대구광역시 서구문화회관;1998.03.05;직영;5,834;8,538;12;122,150;2,158;11,475;282;4,357;7,127;40;2,158;212;-1,946
124;대구북구;문화시설;공립도서관;구수산도서관;2009.04.13;위탁;3,702;10,454;13;393,600;1,291;11,003;191;3,129;7,874;40;1,291;0;-1,291
125;대구북구;문화시설;문화예술회관;어울아트센터;1999.10.09;위탁;7,931;11,000;14;27,793;1,907;15,580;276;6,924;8,656;40;1,907;190;-1,717
126;대구북구;문화시설;청소년수련회관;북구청소년회관;2000.12.22;위탁;4,553;9,250;46;541,260;2,221;14,360;321;4,930;9,430;40;2,221;2,129;-92
127;대구북구;체육시설;체육관;대불스포츠센터;2015.10.01;위탁;3,310;3,504;8;16,543;712;14,500;331;662;13,838;40;712;407;-305
128;대구수성구;문화시설;공립도서관;범어도서관;2013.07.29;위탁;6,904;5,965;21;528,899;2,353;28,854;549;3,855;24,999;40;2,353;35;-2,318
129;대구수성구;문화시설;공립도서관;용학도서관;2010.09.13;위탁;4,515;1,720;18;409,674;1,472;10,855;211;2,088;8,767;40;1,472;20;-1,451
130;대구수성구;문화시설;문화예술회관;수성아트피아;2007.05.01;위탁;14,873;18,290;30;168,290;4,465;36,800;797;10,380;26,420;40;4,465;1,431;-3,034
131;대구수성구;체육시설;체육관;수성국민체육센터;2016.08.12;직영;2,070;10,851;9;172,800;531;10,424;232;327;10,097;40;531;403;-128
132;대구달서구;문화시설;문화예술회관;웃는얼굴아트센터;2004.10.14;위탁;9,230;18,815;16;154,540;1,581;26,214;496;5,279;20,935;40;1,581;669;-912
133;대구달성군;문화시설;문화예술회관;달성문화센터;2011.07.15;위탁;7,200;9,000;33;70,694;2,419;21,800;647;3,372;18,428;40;2,419;1,412;-1,006
134;대구달성군;체육시설;육상경기장;달성종합스포츠파크 주경기장;2014.03.31;위탁;2,499;144,500;7;74,848;384;53,638;1,911;5,934;47,704;20;384;146;-238
135;대구달성군;체육시설;기타체육시설;가창 체육공원;2010.12.20;위탁;33;43,800;3;46,000;111;12,535;487;2,210;10,325;20;111;120;10
136;대구달성군;체육시설;기타체육시설;다사 체육공원;2010.12.20;위탁;33;49,380;3;51,200;111;11,510;587;2,672;8,838;20;111;125;15
137;인천본청;문화시설;공립도서관;미추홀도서관;2009.06.23;직영;13,099;5,310;43;674,370;6,302;21,467;339;4,409;17,058;40;6,302;21;-6,281
138;인천본청;문화시설;문화예술회관;인천무형문화재전수교육관;2014.07.11;직영;6,982;8,710;11;36,238;533;20,940;439;1,537;19,403;40;533;11;-522
139;인천본청;문화시설;문화예술회관;인천문화예술회관;1994.04.08;직영;43,313;53,003;47;212,899;22,747;58,658;411;21,708;36,950;40;22,747;1,490;-21,258
140;인천본청;문화시설;과학관;인천어린이과학관;2011.04.07;위탁;14,998;21,688;19;570,200;3,393;65,734;1,643;10,957;54,777;40;3,393;915;-2,478
141;인천본청;체육시설;축구장;인천축구전용경기장;2012.03.02;위탁;25,263;62,155;5;160,549;2,201;214,830;4,327;25,613;189,217;40;2,201;1,321;-880
142;인천본청;체육시설;체육관;삼산월드체육관;2006.09.28;위탁;43,029;50,020;39;948,356;4,865;74,000;2,362;20,667;53,333;40;4,865;3,572;-1,293
143;인천본청;체육시설;체육관;송림체육관;2013.07.19;위탁;22,734;28,994;8;488,029;3,032;36,676;1,158;5,212;31,464;40;3,032;1,718;-1,314
144;인천본청;체육시설;수영장;문학박태환수영장;2013.07.19;위탁;18,194;18,620;10;398,853;3,203;41,608;1,098;4,937;36,671;40;3,203;2,119;-1,084
145;인천본청;체육시설;사격장;옥련국제사격장;2014.07.04;위탁;9,999;95,837;10;16,222;871;34,953;842;2,104;32,849;40;871;100;-771
146;인천본청;체육시설;기타체육시설;강화고인돌체육관/아시아드BMX경기장;2013.07.01;위탁;18,746;78,526;4;28,895;937;62,387;1,184;2,939;59,448;40;937;81;-856
147;인천본청;체육시설;기타체육시설;계양체육관/양궁장/국제벨로드롬;2013.09.17;위탁;28,147;308,463;9;219,102;1,996;168,206;2,010;5,642;162,564;40;1,996;691;-1,305
148;인천본청;체육시설;기타체육시설;남동체육관/럭비경기장;2013.09.01;위탁;42,356;171,328;7;149,846;1,559;175,582;2,785;6,962;168,620;40;1,559;871;-688
149;인천본청;체육시설;기타체육시설;문학경기장(야구장포함);2002.02.25;위탁;34,355;441,628;7;2,500,000;6,715;330,500;1,714;124,115;206,385;40;6,715;9,329;2,614
150;인천본청;체육시설;기타체육시설;선학체육관/하키/빙상장;2014.01.01;위탁;13,323;242,484;12;321,323;2,667;151,468;5,576;14,009;137,459;40;2,667;2,140;-527
151;인천본청;체육시설;기타체육시설;송도종합 LNG스포츠타운;2010.02.10;위탁;7,278;98,879;12;96,000;928;24,706;618;4,837;19,869;40;928;359;-568
152;인천본청;체육시설;기타체육시설;열우물테니스/스쿼시경기장;2013.08.18;위탁;26,723;142,944;11;424,776;3,082;150,367;3,207;8,633;141,734;40;3,082;1,516;-1,566
153;인천본청;체육시설;기타체육시설;인천아시아드주경기장/연희크리켓경기장;2014.04.30;위탁;113,663;623,857;47;241,128;3,645;466,515;6,514;16,437;450,078;40;3,645;1,547;-2,098
154;인천본청;기타시설;기타시설;하늘문화센터;2011.06.13;위탁;44,024;7,860;13;367,305;2,289;23,300;583;3,835;19,465;40;2,289;708;-1,581
155;인천중구;문화시설;문화예술회관;중구문화회관;2012.05.10;직영;6,879;10,206;9;18,000;463;21,200;624;3,014;18,186;40;463;71;-392
156;인천중구;체육시설;체육관;인천광역시 중구국민체육센터;2012.05.10;위탁;5,759;35,830;25;90,439;1,459;16,613;386;2,186;14,427;40;1,459;748;-711
157;인천남구;문화시설;청소년수련회관;인천광역시미추홀구청소년수련관;1992.05.01;위탁;3,808;9,366;15;6,500;630;13,097;23;24;13,073;40;630;16;-614
158;인천남동구;문화시설;문화예술회관;남동소래아트홀;2010.12.31;위탁;9,994;9,429;17;91,427;1,387;31,281;136;1,849;29,432;40;1,387;180;-1,206
159;인천부평구;문화시설;문화예술회관;부평아트센터;2009.12.17;위탁;17,236;13,386;52;135,078;3,520;45,424;1,224;6,344;39,080;40;3,520;871;-2,649
160;인천부평구;문화시설;청소년수련회관;부평구청소년수련관;2010.12.10;위탁;4,987;2,991;14;103,736;1,257;13,155;290;1,762;11,393;40;1,257;150;-1,108
161;인천서구;문화시설;문화예술회관;인천서구문화회관;1995.02.11;위탁;13,872;14,304;19;284,711;1,577;14,351;130;2,949;11,402;40;1,577;299;-1,278
162;인천서구;문화시설;청소년수련회관;인천서구청소년수련관;2005.12.20;위탁;5,506;9,921;39;803,059;2,724;13,716;267;3,174;10,542;40;2,724;1,082;-1,642
163;인천서구;기타시설;기타시설;검단복지회관;2000.10.20;위탁;7,577;14,760;36;1,279,952;2,164;38,549;876;15,117;23,433;40;2,164;1,647;-517
164;광주본청;문화시설;문화예술회관;광주문화예술회관;1991.10.21;직영;47,087;88,422;57;207,065;22,792;44,776;739;18,430;26,346;40;22,792;923;-21,869
165;광주본청;문화시설;문화예술회관;빛고을시민문화관;2010.02.02;위탁;20,258;9,346;19;97,343;2,337;49,441;1,241;9,617;39,824;40;2,337;2,400;63
166;광주본청;체육시설;축구장;월드컵경기장;2001.09.30;위탁;69,459;470,278;19;119,105;2,224;249,013;5,607;70,787;188,747;40;2,224;2,402;178
167;광주본청;체육시설;야구장;광주기아챔피언스필드;2014.02.28;위탁;57,646;52,639;27;1,024,830;0;126,724;2,454;9,644;117,808;40;0;0;0
168;광주본청;체육시설;테니스장;진월국제테니스장;2015.02.28;위탁;21,782;53,776;7;77,188;116;54,163;1,249;3,977;44,347;40;116;175;60
169;광주본청;체육시설;체육관;광주여대시립유니버시아드체육관;2015.04.30;위탁;27,885;55,000;5;123,800;679;73,760;1,860;4,771;69,582;40;679;823;145
170;광주본청;체육시설;수영장;남부대국제수영장;2015.03.31;위탁;19,398;50,000;26;123,020;3,608;64,408;1,599;4,132;59,846;40;3,608;3,780;172
171;광주본청;체육시설;양궁장;광주국제양궁장;2015.06.25;위탁;2,216;45,396;2;33,179;346;26,018;253;660;22,108;40;346;346;1
172;광주동구;기타시설;기타시설;동구문화센터;2009.06.29;위탁;4,513;2,887;22;240,000;922;10,550;264;864;9,686;40;922;926;5
173;광주남구;문화시설;문화예술회관;종합문화예술회관;2003.08.23;위탁;1,251;3,723;35;288,077;958;14,266;360;5,014;9,252;40;958;2,084;1,126
174;광주남구;체육시설;체육관;남구 다목적체육관;2016.02.15;위탁;6,161;13,062;38;648,000;1,324;18,413;365;365;18,048;40;1,324;1,432;108
175;광주북구;체육시설;수영장;우산수영장;2012.09.27;위탁;5,857;10,508;29;72,248;1,573;14,910;373;1,777;13,133;40;1,573;1,625;52
176;대전본청;문화시설;문화예술회관;대전예술가의집;2015.01.27;위탁;9,133;6,344;10;79,518;1,118;22,700;559;1,677;21,023;40;1,118;176;-942
177;대전본청;문화시설;문화예술회관;대전예술의전당;2003.10.01;직영;41,965;63,000;88;212,525;12,674;99,276;1,512;28,765;70,511;80;12,674;2,327;-10,347
178;대전본청;문화시설;청소년수련회관;대전청소년위캔(We Can)센터;2014.12.15;위탁;17,168;5,014;48;239,209;2,132;48,200;159;1,755;46,445;40;2,132;2,145;13
179;대전본청;문화시설;청소년수련회관;대전평송청소년문화센터;1997.04.20;위탁;648,715;92,075;39;652,181;2,572;22,418;978;9,170;13,248;40;2,572;2,603;30
180;대전본청;체육시설;육상경기장;한밭종합운동장;1964.01.01;위탁;62,755;124,809;61;796,736;8,262;39,105;181;6,739;32,366;40;8,262;1,255;-7,007
181;대전본청;체육시설;축구장;덕암축구센터;2014.12.19;위탁;4,134;78,555;3;19,124;574;21,700;156;493;21,207;40;574;50;-524
182;대전본청;체육시설;축구장;월드컵경기장;2001.09.27;위탁;101,786;172,378;13;231,151;3,050;143,900;141;2,155;141,745;40;3,050;635;-2,415
183;대전본청;체육시설;수영장;용운국제수영장;2009.08.31;위탁;17,542;67,576;30;613,267;3,705;31,263;741;5,497;25,766;40;3,705;2,105;-1,600
184;대전본청;기타시설;기타시설;대전시립연정국악원;2015.01.12;직영;10,873;6,389;21;47,986;8,196;41,802;1,083;3,156;38,646;40;8,196;244;-7,952
185;대전동구;체육시설;체육관;동구 국민체육센터;2014.04.01;위탁;4,984;4,260;13;56,320;11;14,005;255;956;13,048;40;11;53;43
186;대전중구;기타시설;기타시설;효문화마을관리원;1998.03.09;직영;6,796;19,073;16;151,965;838;12,500;240;3,102;9,398;40;838;478;-360
187;대전서구;체육시설;체육관;남선공원종합체육관;2002.07.01;위탁;12,123;13,672;53;434,902;1,741;21,522;538;8,071;13,451;40;1,741;1,884;143
188;대전서구;체육시설;체육관;도솔다목적체육관;2002.10.07;위탁;6,147;20,295;11;71,177;340;12,448;311;4,668;7,780;40;340;237;-103
189;대전유성구;문화시설;청소년수련회관;유성구청소년수련관;2016.03.20;위탁;5,165;3,593;15;269,778;1,120;10,822;271;541;10,280;40;1,120;1,169;49
190;울산본청;문화시설;박물관;울산박물관;2011.02.01;BTL;14,409;33,058;22;212,008;3,012;51,252;1,346;6,420;44,832;40;3,012;27;-2,985
191;울산본청;문화시설;문화예술회관;울산문화예술회관;1995.07.10;직영;27,078;34,486;258;403,801;15,433;43,661;988;22,713;20,948;40;15,433;1,367;-14,066
192;울산본청;체육시설;축구장;문수축구경기장;2001.06.30;위탁;82,780;92,500;10;203,404;4,076;151,400;3,100;77,294;148,300;40;4,076;2,956;-1,120
193;울산본청;체육시설;야구장;문수야구장;2014.03.21;위탁;15,545;62,987;3;55,551;630;45,000;667;2,556;44,333;40;630;213;-416
194;울산본청;체육시설;체육관;동천체육관;2000.10.26;위탁;22,755;79,287;8;290,246;2,060;48,468;181;3,116;48,287;40;2,060;887;-1,173
195;울산본청;체육시설;수영장;문수실내수영장;2005.08.27;위탁;13,120;20,030;17;865,474;3,296;24,583;614;7,591;23,969;40;3,296;2,194;-1,102
196;울산본청;체육시설;기타체육시설;울산종합운동장;2005.09.02;위탁;32,889;113,602;13;47,459;2,882;75,789;1,846;22,770;73,943;40;2,882;1,330;-1,552
197;울산중구;문화시설;문화예술회관;울산광역시중구문화의전당;2014.11.07;직영;7,741;3,617;15;97,199;3,400;22,249;556;1,715;25,813;40;3,400;449;-2,951
198;울산남구;체육시설;양궁장;울산문수국제양궁장;2004.08.31;위탁;2,047;103,117;4;76,825;198;9,979;367;3,119;15,800;40;198;169;-29
199;울산동구;체육시설;기타체육시설;전하체육센터;2015.08.28;위탁;6,146;21,559;17;330,000;883;15,924;372;837;15,087;40;883;536;-347
200;울산북구;체육시설;체육관;쇠부리체육센터;2017.08.06;위탁;5,314;9,527;19;59,696;395;16,351;119;119;16,232;40;395;209;-186
201;울산북구;체육시설;체육관;오토밸리복지센터;2009.07.14;직영;11,678;8,778;16;580,000;2,156;20,810;427;3,200;17,609;40;2,156;1,324;-831
202;울산울주군;문화시설;공립도서관;울주선바위도서관;2014.05.23;직영;7,816;4,546;41;1,043,479;2,038;22,290;450;1,616;20,674;40;2,038;18;-2,020
203;울산울주군;문화시설;문화예술회관;울주문화예술회관;2009.11.20;위탁;2,854;6,486;13;54,600;1,355;12,800;235;2,333;10,467;40;1,355;188;-1,166
204;울산울주군;문화시설;청소년수련회관;울주군청소년수련관;2009.07.30;위탁;5,523;9,509;20;270,479;1,341;12,388;270;2,281;10,107;40;1,341;855;-486
205;울산울주군;문화시설;과학관;태화강생태관;2015.11.30;직영;3,959;11,945;16;139,588;1,683;15,400;403;862;14,538;40;1,683;68;-1,615
206;울산울주군;체육시설;기타체육시설;간절곶 스포츠파크;2007.04.14;위탁;668;83,544;2;34,641;208;21,260;51;506;20,754;30;208;49;-159
207;울산울주군;체육시설;기타체육시설;서생체육공원;2004.12.01;위탁;0;48,221;1;11,906;78;10,500;535;4,620;5,880;25;78;10;-68
208;울산울주군;체육시설;기타체육시설;울주군국민체육센터;2016.11.11;위탁;18,703;5,073;16;239,581;1,096;14,096;352;700;13,396;40;1,096;624;-472
209;울산울주군;기타시설;기타시설;영남알프스 복합웰컴센터;2015.07.30;직영;3,591;103,604;33;92,181;804;26,818;358;866;25,952;40;804;510;-294
210;울산울주군;기타시설;기타시설;온산문화체육센터;2014.07.30;위탁;6,523;15,332;17;206,080;1,346;22,540;563;1,846;20,694;40;1,346;791;-555
211;울산울주군;기타시설;기타시설;온양문화복지센터;2008.12.15;위탁;1,462;4,867;5;121,651;855;12,129;287;2,407;9,722;40;855;252;-603
212;세종본청;복지시설;종합사회복지관;종촌종합복지센터;2014.11.21;위탁;15,873;10,125;26;42,981;1,899;40,200;1,005;3,015;37,185;40;1,899;0;-1,899
213;세종본청;기타시설;기타시설;아름동복합커뮤니티센터;2013.11.19;직영;15,930;20,768;6;120,500;647;65,923;1,652;6,177;59,747;40;647;0;-647
214;세종본청;기타시설;기타시설;어진동복합커뮤니티센터;2013.07.23;직영;13,461;14,965;13;120,000;748;42,200;1,055;4,132;38,068;40;748;389;-359
215;경기본청;문화시설;박물관;경기도어린이박물관;2011.09.26;위탁;10,825;94,862;14;562,828;4,145;30,166;754;3,896;26,604;40;4,145;967;-3,178
216;경기본청;문화시설;박물관;전곡선사박물관;2011.04.25;위탁;5,798;74,469;25;180,255;3,391;33,565;839;4,335;43,865;40;3,391;160;-3,231
217;경기본청;문화시설;미술관;경기도미술관;2006.10.25;위탁;8,277;10,000;20;158,725;4,705;18,091;452;5,126;23,374;40;4,705;145;-4,560
218;경기본청;문화시설;미술관;백남준아트센터;2008.03.10;위탁;5,605;30,983;18;167,614;3,756;15,939;398;3,951;32,049;40;3,756;183;-3,573
219;경기수원시;문화시설;공립도서관;광교홍재도서관;2014.12.17;직영;9,824;3,057;23;524,810;1,460;22,362;559;2,236;20,126;40;1,460;44;-1,416
220;경기수원시;문화시설;공립도서관;호매실도서관;2014.12.16;직영;4,930;8,637;21;393,476;1,704;11,551;289;1,155;10,396;40;1,704;25;-1,679
221;경기수원시;문화시설;박물관;수원광교박물관;2014.03.07;직영;4,086;8,492;17;117,810;1,101;18,325;458;1,565;16,760;40;1,101;29;-1,072
222;경기수원시;문화시설;박물관;수원박물관;2008.10.01;직영;7,118;39,885;33;117,810;2,693;25,732;643;6,433;19,299;40;2,693;140;-2,553
223;경기수원시;문화시설;박물관;수원화성박물관;2009.04.27;직영;5,635;8,461;19;332,403;2,041;62,771;1,569;14,123;48,648;40;2,041;166;-1,876
224;경기수원시;문화시설;미술관;수원시립아이파크미술관;2015.06.25;직영;9,661;6,404;36;117,232;1,508;30,625;766;1,595;29,030;40;1,508;163;-1,345
225;경기수원시;문화시설;문화예술회관;장안종합구민회관;2006.03.08;위탁;14,806;31,405;40;1,557,590;3,769;27,666;692;7,608;20,058;40;3,769;2,703;-1,066
226;경기수원시;체육시설;육상경기장;수원종합운동장;1971.10.31;위탁;33,742;186,789;31;1,831,000;3,897;87,246;1,234;30,675;56,571;40;3,897;1,704;-2,193
227;경기수원시;체육시설;체육관;서수원칠보체육관;2016.02.19;위탁;18,364;61,910;12;230,275;1,319;36,752;919;1,761;34,991;40;1,319;373;-945
228;경기수원시;복지시설;종합사회복지관;영통종합사회복지관;2004.05.08;위탁;15,042;7,193;56;977,586;5,062;24,822;672;8,739;16,083;40;5,062;1,907;-3,156
229;경기성남시;문화시설;공립도서관;성남시 구미도서관;2008.02.12;직영;6,284;5,282;47;979,512;2,923;15,983;639;6,393;9,590;40;2,923;125;-2,798
230;경기성남시;문화시설;공립도서관;성남시 분당도서관;1999.10.27;직영;8,525;4,052;55;1,330,907;1,823;11,100;278;5,273;5,828;40;1,823;164;-1,659
231;경기성남시;문화시설;공립도서관;성남시 중원어린이도서관;2010.07.15;직영;10,560;3,602;35;267,680;1,464;21,722;458;2,748;18,974;40;1,464;97;-1,366
232;경기성남시;문화시설;공립도서관;성남시 판교도서관;2010.03.23;직영;10,271;946,887;51;973,175;1,861;45,304;1,133;9,061;36,243;40;1,861;308;-1,553
233;경기성남시;문화시설;공립도서관;평생학습원;2001.11.13;직영;23,778;58,586;79;1,385,297;4,634;39,057;797;13,085;25,972;40;4,634;1,363;-3,271
234;경기성남시;문화시설;박물관;판교박물관;2013.04.02;직영;1,449;4,892;6;56,559;806;10,241;155;865;9,376;40;806;0;-806
235;경기성남시;문화시설;문화예술회관;성남아트센터;2005.09.20;위탁;47,949;133,858;127;305,057;26,275;152,385;1,780;31,976;120,409;40;26,275;25,147;-1,128
236;경기성남시;문화시설;청소년수련회관;분당정자청소년수련관;2004.04.12;위탁;7,329;2,992;29;407,776;1,655;15,589;600;5,456;10,133;40;1,655;1,730;75
237;경기성남시;문화시설;청소년수련회관;분당판교청소년수련관;2010.03.23;위탁;6,617;10,552;29;436,255;2,553;38,821;971;7,764;31,057;40;2,553;2,650;97
238;경기성남시;문화시설;청소년수련회관;수정청소년수련관;1994.08.02;위탁;7,746;12,740;29;591,172;2,948;13,500;794;7,763;5,738;40;2,948;3,235;287
239;경기성남시;문화시설;청소년수련회관;중원청소년수련관;2008.01.17;위탁;14,324;14,996;29;793,536;3,176;31,100;680;6,799;24,301;40;3,176;3,255;79
240;경기성남시;체육시설;육상경기장;성남종합운동장;1986.09.01;위탁;7,023;101,864;30;880,453;2,518;18,980;475;14,828;4,152;40;2,518;1,510;-1,007
241;경기성남시;체육시설;육상경기장;탄천종합운동장;2001.12.10;위탁;37,163;106,359;68;4,129,242;11,294;11,045;276;4,418;6,627;40;11,294;6,781;-4,513
242;경기성남시;체육시설;체육관;산성실내배드민턴장;2014.09.14;위탁;6,160;9,057;7;79,767;582;10,880;272;884;9,996;40;582;181;-401
243;경기성남시;체육시설;체육관;탄천스포츠센터;2010.03.31;위탁;9,990;106,359;17;273,132;3,002;13,206;330;10,647;2,559;40;3,002;1,282;-1,720
244;경기성남시;복지시설;종합사회복지관;도촌종합사회복지관;2015.03.20;위탁;5,525;1,361;20;240,409;1,994;16,144;356;1,068;15,076;40;1,994;1,994;0
245;경기성남시;복지시설;종합사회복지관;판교종합사회복지관;2015.11.30;위탁;7,090;2,071;15;210,532;1,897;21,588;423;1,260;20,329;40;1,897;1,897;0
246;경기성남시;기타시설;기타시설;성남 고령친화종합체험관;2012.07.01;위탁;11,118;5,062;16;101,520;2,243;26,099;652;3,915;22,184;40;2,243;126;-2,117
247;경기고양시;문화시설;박물관;고양어린이박물관;2016.03.24;위탁;8,492;8,232;17;253,850;4,037;24,329;608;1,115;23,214;40;4,037;5,303;1,265
248;경기고양시;문화시설;문화예술회관;고양아람누리;2007.02.13;위탁;56,351;54,239;39;248,476;6,950;125,048;3,126;34,128;101,010;40;6,950;6,722;-229
249;경기고양시;문화시설;문화예술회관;고양어울림누리(별따기배움터);2004.07.31;위탁;8,912;6,276;34;191,791;4,334;19,112;478;6,450;103,793;40;4,334;4,858;524
250;경기고양시;문화시설;문화예술회관;고양어울림누리(어울림극장);2004.07.31;위탁;8,421;12,897;13;191,791;4,334;74,659;1,866;25,197;85,046;40;4,334;4,858;524
251;경기고양시;체육시설;육상경기장;고양시종합운동장;2003.09.26;위탁;60,460;305,350;30;449,306;2,716;113,126;2,829;39,802;73,324;40;2,716;640;-2,075
252;경기고양시;체육시설;체육관;고양체육관;2011.06.25;위탁;39,371;53,973;20;951,847;5,260;98,467;2,462;16,194;82,934;40;5,260;5,075;-185
253;경기고양시;체육시설;수영장;고양어울림누리(꽃우물수영장);2005.08.31;위탁;7,346;12,394;11;1,471,079;5,205;32,723;823;10,908;21,815;40;5,205;4,907;-298
254;경기고양시;체육시설;빙상장;고양어울림누리(얼음마루);2005.08.31;위탁;6,367;12,650;10;403,250;2,405;31,263;782;10,551;20,712;40;2,405;1,773;-632
255;경기고양시;복지시설;종합사회복지관;고양시덕양행신종합사회복지관;2016.10.19;위탁;15,318;5,488;46;221,280;1,559;30,464;732;915;32,891;40;1,559;0;-1,559
256;경기고양시;복지시설;종합사회복지관;덕양노인종합복지관;2008.06.12;위탁;10,527;7,574;7;469,134;2,542;16,880;422;4,114;13,196;40;2,542;2,542;0
257;경기고양시;기타시설;기타시설;고양시재활스포츠센터;2010.11.01;위탁;5,855;9,594;30;257,946;2,702;12,510;313;2,292;10,566;40;2,702;2,778;76
258;경기용인시;문화시설;공립도서관;기흥도서관;2010.12.31;직영;6,607;13,200;29;595,439;1,420;16,488;412;2,920;13,568;40;1,420;51;-1,369
259;경기용인시;문화시설;공립도서관;동백도서관;2009.06.08;직영;5,560;41,236;28;623,278;1,281;13,000;325;2,600;10,400;40;1,281;25;-1,256
260;경기용인시;문화시설;공립도서관;죽전도서관;2008.12.29;직영;4,965;6,490;26;581,209;1,375;14,000;467;484;13,516;40;1,375;53;-1,322
261;경기용인시;문화시설;박물관;용인시박물관;2009.11.13;직영;1,317;3,298;16;33,427;978;12,007;300;2,426;9,580;40;978;0;-978
262;경기용인시;문화시설;문화예술회관;용인여성회관;2004.07.15;직영;13,647;7,988;64;61,841;1,611;26,604;337;4,211;22,393;40;1,611;429;-1,182
263;경기용인시;문화시설;청소년수련회관;용인시청소년수련관;2005.08.05;위탁;8,362;10,800;24;1,076,858;2,680;29,945;357;5,478;24,468;40;2,680;2,839;159
264;경기용인시;체육시설;축구장;용인시축구센터;2004.10.22;위탁;9,782;147,707;40;31,992;5,419;31,100;609;8,623;19,394;40;5,419;5,838;419
265;경기용인시;체육시설;체육관;용인시민체육센터;2009.11.29;위탁;6,664;15,565;15;535,713;1,892;22,444;561;3,928;18,516;40;1,892;1,284;-608
266;경기용인시;체육시설;조정카누장;조정경기장;2011.12.30;위탁;6,287;28,655;2;15,800;178;19,539;270;1,373;18,166;40;178;42;-136
267;경기부천시;문화시설;박물관;한국만화박물관;2009.08.07;위탁;8,341;26,541;40;252,153;1,004;21,589;540;4,543;17,460;40;1,004;753;-251
268;경기부천시;체육시설;육상경기장;부천종합운동장;2001.01.31;위탁;58,236;583,905;30;710,508;4,550;116,032;593;9,420;106,612;40;4,550;1,996;-2,554
269;경기부천시;체육시설;체육관;부천체육관;1997.09.28;위탁;15,497;81,631;20;178,040;2,195;19,792;22;281;19,511;40;2,195;1,150;-1,045
270;경기부천시;체육시설;수영장;소사국민체육센터;2002.05.01;위탁;6,548;8,212;30;639,382;3,152;10,380;75;1,180;9,200;40;3,152;2,756;-397
271;경기부천시;체육시설;기타체육시설;오정레포츠센터;2011.04.04;위탁;9,792;17,926;25;623,455;2,581;42,000;619;4,227;37,773;40;2,581;2,592;11
272;경기부천시;기타시설;기타시설;복사골여성청소년문화센터;1999.05.01;위탁;31,097;9,118;42;2,000,000;3,667;54,938;387;7,309;47,629;40;3,667;535;-3,133
273;경기부천시;기타시설;기타시설;송내어울마당;2015.12.21;위탁;14,693;4,302;11;641,503;638;30,817;655;1,365;29,453;40;638;462;-176
274;경기안산시;문화시설;문화예술회관;안산문화예술의전당;2004.06.17;위탁;44,864;78,484;53;1,187,980;13,978;72,991;1,813;22,954;74,506;40;13,978;13,873;-105
275;경기안산시;체육시설;육상경기장;와~스타디움;2006.11.30;위탁;53,691;221,951;9;91,020;1,645;98,388;2,460;27,467;79,650;40;1,645;1,122;-523
276;경기안산시;체육시설;체육관;상록수체육관;2013.06.11;위탁;9,833;123,747;9;88,680;1,098;27,198;680;3,116;24,384;40;1,098;664;-434
277;경기안양시;문화시설;공립도서관;석수도서관;2003.12.19;직영;10,652;13,713;26;912,373;3,073;17,696;365;4,742;12,954;40;3,073;161;-2,912
278;경기안양시;문화시설;박물관;김중업건축박물관;2014.03.28;위탁;4,596;16,243;8;42,349;1,286;1,933;48;157;35,151;41;1,286;1,848;562
279;경기안양시;문화시설;문화예술회관;안양아트센터;1989.12.05;위탁;15,609;11,909;55;150,706;10,613;44,330;1,057;13,185;31,146;40;10,613;10,490;-123
280;경기안양시;문화시설;청소년수련회관;만안청소년수련관;2008.11.19;위탁;13,636;11,366;26;638,688;4,066;29,247;731;6,757;23,411;40;4,066;4,688;622
281;경기안양시;체육시설;체육관;안양체육관;2000.10.31;위탁;20,423;15,300;3;245,050;797;37,178;929;15,104;22,074;40;797;566;-231
282;경기안양시;체육시설;체육관;호계체육관;2008.08.06;위탁;12,391;4,448;24;308,417;1,734;30,193;764;6,434;24,144;40;1,734;1,480;-254
283;경기안양시;체육시설;빙상장;빙상장;2000.10.31;위탁;25,029;8,060;10;105,394;1,055;43,662;1,092;17,738;25,924;40;1,055;603;-452
284;경기안양시;복지시설;종합사회복지관;만안종합사회복지관;2016.11.01;위탁;4,433;1,677;1;42,703;696;8,955;224;410;15,636;40;696;0;-696
285;경기남양주시;문화시설;공립도서관;남양주시 진접푸른숲도서관;2014.03.27;직영;5,352;6,663;28;288,586;937;10,000;258;988;9,012;40;937;11;-926
286;경기남양주시;문화시설;공립도서관;별빛도서관;2016.06.02;직영;6,338;2,400;30;422,022;1,099;13,500;15;30;13,470;40;1,099;6;-1,093
287;경기남양주시;문화시설;박물관;남양주 유기농 테마파크;2011.09.26;위탁;5,709;43,314;20;207,821;2,181;40,956;695;3,662;37,294;40;2,181;1,001;-1,180
288;경기남양주시;문화시설;청소년수련회관;남양주시청소년수련관;2009.12.04;위탁;9,397;9,361;42;279,031;2,833;23,300;496;3,509;19,791;40;2,833;1,835;-999
289;경기남양주시;기타시설;기타시설;남양주체육문화센터;2003.02.22;위탁;4,442;41,755;50;398,392;3,845;16,566;113;1,669;14,897;40;3,845;2,660;-1,184
290;경기남양주시;기타시설;기타시설;어린이비전센터;2015.05.07;위탁;6,949;8,182;28;213,655;1,261;16,160;404;808;15,352;40;1,261;382;-879
291;경기남양주시;기타시설;기타시설;오남체육문화센터;2014.02.27;위탁;4,762;9,297;39;332,979;2,376;20,370;22;87;20,283;40;2,376;1,650;-726
292;경기남양주시;기타시설;기타시설;와부체육문화센터;2010.08.16;위탁;4,269;2,506;37;327,446;2,224;10,110;242;1,792;8,318;40;2,224;1,703;-521
293;경기남양주시;기타시설;기타시설;진접체육문화센터;2011.06.25;위탁;3,869;8,421;42;301,273;2,031;11,100;268;1,766;9,334;40;2,031;1,512;-519
294;경기남양주시;기타시설;기타시설;호평체육문화센터;2009.09.18;위탁;6,978;57,764;38;605,364;3,399;14,170;352;2,932;11,238;40;3,399;2,813;-586
295;경기남양주시;기타시설;기타시설;화도체육문화센터;2015.08.31;위탁;12,693;14,633;45;486,376;2,780;33,000;32;64;32,936;40;2,780;2,357;-423
296;경기화성시;문화시설;공립도서관;동탄복합문화센터 도서관;2010.12.10;위탁;6,464;9,368;9;1,420,128;1,221;12,754;319;2,551;10,203;40;1,221;4;-1,217
297;경기화성시;체육시설;기타체육시설;화성국민체육센터;2010.12.09;위탁;1,968;12,249;17;397,786;2,912;30,756;483;3,384;27,372;40;2,912;1,582;-1,329
298;경기화성시;체육시설;기타체육시설;화성종합경기타운;2011.06.10;위탁;55,520;278,719;18;247,948;3,724;236,989;4,533;27,196;209,793;40;3,724;221;-3,503
299;경기화성시;복지시설;종합사회복지관;나래울화성시복합복지타운;2011.04.20;위탁;18,384;13,233;103;808,724;10,403;49,393;941;6,799;42,594;40;10,403;2,550;-7,853
300;경기화성시;복지시설;종합사회복지관;화성시근로자종합복지관;2014.12.17;위탁;3,047;10,164;22;20,691;1,961;16,334;405;1,248;15,086;40;1,961;568;-1,393
301;경기화성시;복지시설;종합사회복지관;화성시남부종합사회복지관;2009.10.27;위탁;4,928;3,038;30;188,590;1,962;15,218;280;2,330;12,888;40;1,962;435;-1,527
302;경기화성시;기타시설;기타시설;동탄복합문화센터;2010.12.10;위탁;29,834;31,029;82;632,417;6,773;42,246;1,056;8,449;33,797;40;6,773;2,427;-4,346
303;경기화성시;기타시설;기타시설;동탄중앙이음터;2016.08.10;위탁;10,392;2,701;11;78,335;1,773;20,688;515;725;19,963;40;1,773;0;-1,773
304;경기화성시;기타시설;기타시설;모두누림센터;2016.11.15;위탁;20,332;22,500;57;287,922;4,565;50,550;211;211;50,340;40;4,565;952;-3,614
305;경기화성시;기타시설;기타시설;유앤아이센터;2009.01.30;위탁;28,067;19,375;107;786,212;8,222;62,123;1,553;13,848;48,275;40;8,222;2,769;-5,454
306;경기평택시;문화시설;문화예술회관;남부문화예술회관;1993.11.02;직영;6,736;11,328;10;127,898;973;10,826;63;1,458;9,368;40;973;189;-784
307;경기평택시;문화시설;문화예술회관;한국소리터;2011.11.11;위탁;7,275;27,183;6;75,000;493;22,843;452;2,822;20,022;40;493;75;-418
308;경기평택시;체육시설;기타체육시설;이충문화체육센터;2003.10.10;직영;9,985;55,332;16;320,419;1,079;16,405;357;4,704;11,701;40;1,079;482;-598
309;경기평택시;복지시설;종합사회복지관;북부복지타운;2012.07.29;직영;12,580;25,221;8;585,949;748;26,388;298;1,495;24,893;40;748;15;-733
310;경기의정부시;문화시설;공립도서관;의정부과학도서관;2007.04.30;직영;6,951;9,455;27;414,500;2,302;3,884;107;1,124;21,476;40;2,302;37;-2,265
311;경기의정부시;문화시설;공립도서관;의정부정보도서관;2003.07.26;직영;5,310;16,685;11;429,465;493;3,380;79;1,375;15,325;40;493;75;-418
312;경기의정부시;문화시설;문화예술회관;(재)의정부예술의전당;2001.04.06;위탁;22,372;40,273;39;288,340;7,133;51,333;229;3,259;48,074;40;7,133;7,107;-26
313;경기의정부시;체육시설;육상경기장;의정부종합운동장주경기장;2002.04.30;위탁;31,125;116,475;6;129,767;910;77,400;1,935;29,025;48,375;40;910;253;-657
314;경기의정부시;체육시설;체육관;의정부체육관;1996.12.14;위탁;9,974;37,240;6;109,668;571;13,764;344;7,226;6,538;40;571;148;-423
315;경기의정부시;체육시설;빙상장;의정부실내빙상장;2003.11.11;위탁;5,373;29,468;13;148,531;1,250;17,103;428;5,986;11,117;40;1,250;563;-688
316;경기시흥시;문화시설;청소년수련회관;시흥시청소년수련관;2007.05.07;위탁;8,990;5,510;16;487,174;1,244;18,270;457;5,024;13,246;40;1,244;765;-479
317;경기시흥시;체육시설;체육관;시흥국민체육센터;2007.05.30;위탁;6,537;8,489;22;407,277;1,742;13,229;331;3,500;11,200;40;1,742;1,545;-197
318;경기시흥시;기타시설;기타시설;시흥에코센터;2015.12.22;위탁;4,632;14,764;11;60,133;602;17,696;442;922;18,008;40;602;35;-567
319;경기파주시;문화시설;공립도서관;가람도서관(솔가람아트홀);2013.12.31;위탁;3,862;7,160;24;308,022;898;11,301;283;1,130;10,171;40;898;26;-872
320;경기파주시;문화시설;공립도서관;교하도서관;2008.07.15;직영;8,547;7,000;55;694,231;1,993;11,327;280;2,657;8,670;40;1,993;1;-1,992
321;경기파주시;문화시설;공립도서관;해솔도서관;2011.09.22;직영;1,998;3,606;18;270,626;515;13,306;333;2,210;11,096;40;515;0;-514
322;경기파주시;체육시설;육상경기장;파주스타디움;2004.12.30;직영;18,032;158,210;5;92,484;928;72,590;1,899;23,222;49,368;40;928;29;-899
323;경기파주시;체육시설;체육관;교하청석 스포츠센터;2011.06.28;위탁;5,563;9,668;35;72,566;1,953;13,200;330;1,678;11,523;40;1,953;1,326;-627
324;경기파주시;체육시설;체육관;운정 스포츠센터;2011.08.31;위탁;4,471;9,994;32;60,607;1,529;19,700;493;2,504;17,196;40;1,529;1,517;-12
325;경기광명시;문화시설;공립도서관;소하도서관;2016.05.16;직영;7,642;1,750;39;654,706;966;16,753;419;838;16,062;40;966;35;-930
326;경기광명시;문화시설;공립도서관;중앙도서관(광명도서관);2004.10.28;직영;9,965;5,027;19;589,841;1,876;9,555;140;1,865;17,170;40;1,876;31;-1,845
327;경기광명시;문화시설;청소년수련회관;광명시청소년수련관;2014.06.11;위탁;6,099;1,750;14;386,735;1,534;13,229;331;992;12,477;40;1,534;32;-1,502
328;경기김포시;문화시설;문화예술회관;김포아트홀;2014.04.01;위탁;9,008;2,534;43;66,031;3,924;21,437;536;2,188;19,249;40;3,924;212;-3,712
329;경기김포시;체육시설;체육관;김포생활체육관;2014.06.20;위탁;9,998;109,659;8;212,468;678;16,105;403;1,432;15,103;40;678;259;-419
330;경기군포시;문화시설;공립도서관;중앙도서관;2008.04.29;직영;12,268;10,730;64;1,291,333;10,611;19,300;171;4,371;14,929;40;10,611;27;-10,584
331;경기군포시;문화시설;문화예술회관;군포시문화예술회관;1998.04.23;위탁;24,926;16,968;29;244,036;6,517;49,782;1,257;24,717;25,065;40;6,517;4,626;-1,892
332;경기군포시;문화시설;청소년수련회관;군포시청소년수련관;2004.06.01;위탁;7,130;2,597;38;795,942;3,010;11,361;288;3,976;7,385;40;3,010;2,850;-160
333;경기군포시;기타시설;기타시설;군포시근로자종합복지관;2007.03.27;위탁;6,334;2,357;33;37,367;2,317;14,415;290;3,190;11,225;40;2,317;2,310;-8
334;경기군포시;기타시설;기타시설;군포시평생학습원;2000.11.15;위탁;6,222;1,384;22;363,051;2,463;11,509;220;3,751;7,757;40;2,463;1,810;-653
335;경기광주시;문화시설;청소년수련회관;광주시 청소년수련관;2014.07.04;직영;9,715;6,482;36;150,502;3,610;20,401;417;1,680;18,720;40;3,610;317;-3,293
336;경기광주시;기타시설;기타시설;광주시문화스포츠센터;2011.08.26;위탁;26,925;30,291;38;146,191;6,616;52,811;1,320;7,922;53,688;40;6,616;2,486;-4,131
337;경기이천시;문화시설;문화예술회관;이천아트홀;2009.06.08;직영;11,843;67,292;21;88,404;2,825;37,054;482;4,024;32,870;40;2,825;683;-2,141
338;경기이천시;체육시설;육상경기장;이천시종합운동장;2001.04.15;직영;11,264;87,447;21;10,500;1,032;25,436;665;9,982;16,124;40;1,032;21;-1,011
339;경기양주시;문화시설;박물관;양주회암사지박물관;2012.10.19;직영;3,562;9,126;16;167,332;910;12,727;456;2,622;10,105;40;910;35;-875
340;경기양주시;문화시설;문화예술회관;양주문화예술회관;1997.10.01;위탁;3,809;38,071;7;93,014;635;13,200;330;6,930;6,270;40;635;216;-419
341;경기양주시;체육시설;육상경기장;백석생활체육공원;2013.04.11;위탁;621;74,115;4;70,842;198;23,365;6;25;23,340;40;198;88;-111
342;경기양주시;체육시설;축구장;광적생활체육공원;2011.06.13;위탁;245;104,443;1;29,701;105;22,592;269;14,127;8,465;40;105;33;-72
343;경기양주시;체육시설;체육관;양주국민체육센터;2013.11.09;위탁;3,689;2,136;33;254,019;1,358;11,800;244;980;10,820;40;1,358;1,172;-186
344;경기오산시;문화시설;공립도서관;오산시꿈두레도서관;2014.04.08;직영;5,277;8,342;29;354,607;822;12,359;309;1,184;12,621;40;822;0;-822
345;경기오산시;문화시설;공립도서관;오산시중앙도서관;2008.12.18;직영;6,459;2,970;36;301,823;1,240;12,106;188;2,561;10,555;40;1,240;6;-1,234
346;경기오산시;문화시설;문화예술회관;오산문화예술회관;2004.04.23;위탁;3,244;6,461;13;56,890;1,381;15,750;394;5,447;21,871;40;1,381;135;-1,246
347;경기오산시;체육시설;기타체육시설;오산스포츠센터;2010.05.10;위탁;27,431;31,887;86;657,439;4,449;44,400;2,168;19,694;24,706;40;4,449;2,166;-2,282
348;경기오산시;복지시설;종합사회복지관;오산남부종합사회복지관;2007.05.17;위탁;7,563;3,005;16;361,433;1,476;14,409;164;3,295;11,114;40;1,476;1,642;165
349;경기구리시;문화시설;공립도서관;구리시토평도서관;2010.04.27;직영;6,388;6,013;35;500,429;1,517;16,506;282;1,913;14,593;40;1,517;11;-1,506
350;경기구리시;문화시설;문화예술회관;구리아트홀;2012.10.10;직영;10,575;24,187;23;114,563;4,163;39,500;953;4,207;35,293;40;4,163;1,008;-3,155
351;경기구리시;문화시설;청소년수련회관;구리시청소년수련관;2002.12.21;위탁;7,514;2,984;35;761,630;3,363;11,229;223;3,083;8,146;40;3,363;3,426;63
352;경기구리시;체육시설;기타체육시설;구리시멀티스포츠센터;2014.02.28;위탁;8,097;10,692;66;519,700;3,000;23,118;311;1,136;21,981;40;3,000;2,579;-421
353;경기구리시;체육시설;기타체육시설;주민편익시설;2002.07.30;위탁;3,905;39,740;38;320,539;2,487;10,781;299;3,592;7,189;40;2,487;2,391;-96
354;경기구리시;기타시설;기타시설;교문동 주차빌딩;2010.04.20;위탁;13,069;3,407;6;325,326;454;10,500;252;1,742;8,758;40;454;686;232
355;경기구리시;기타시설;기타시설;구리시 행정복지센터;2010.06.03;위탁;2,210;4,815;4;236,000;635;16,637;497;3,391;13,246;40;635;177;-458
356;경기안성시;문화시설;문화예술회관;안성남사당공연장;2010.09.10;직영;3,431;17,045;1;43,589;240;15,000;344;2,439;12,561;40;240;225;-15
357;경기안성시;문화시설;문화예술회관;안성맞춤아트홀;2017.11.02;직영;30,252;14,812;15;18,233;1,344;65,100;231;231;64,869;40;1,344;165;-1,179
358;경기안성시;체육시설;육상경기장;안성종합운동장;1997.11.19;위탁;1,586;115,066;2;16,447;138;11,300;283;5,674;5,626;40;138;6;-132
359;경기포천시;문화시설;공립도서관;포천시립중앙도서관;2012.03.02;직영;4,919;6,815;26;367,823;1,170;8,549;214;1,264;11,036;40;1,170;3;-1,167
360;경기포천시;문화시설;문화예술회관;포천반월아트홀;2003.10.18;위탁;3,905;19,599;12;105,299;1,480;22,300;558;7,851;18,149;40;1,480;385;-1,095
361;경기의왕시;문화시설;공립도서관;내손도서관;2011.07.22;직영;3,791;6,761;51;584,572;951;14,422;437;2,524;11,898;40;951;60;-891
362;경기의왕시;문화시설;청소년수련회관;의왕시청소년수련관;2006.12.01;위탁;5,019;4,375;26;377,440;2,893;12,860;274;2,621;10,687;40;2,893;490;-2,403
363;경기의왕시;체육시설;체육관;부곡스포츠센터;2017.04.09;위탁;8,712;2,891;32;23,244;1,206;18,557;309;309;20,704;40;1,206;109;-1,097
364;경기의왕시;기타시설;기타시설;의왕조류생태과학관;2011.07.18;위탁;1,888;1,980;7;63,874;412;11,242;274;1,535;9,840;40;412;127;-285
365;경기하남시;문화시설;박물관;하남역사박물관;2014.10.30;위탁;796;6,725;8;39,491;768;16,904;388;1,358;15,546;40;768;72;-696
366;경기하남시;문화시설;문화예술회관;하남문화예술회관;2007.05.10;위탁;8,707;32,171;26;96,214;5,272;37,400;472;5,310;32,090;40;5,272;7,073;1,801
367;경기하남시;체육시설;체육관;하남종합운동장 국민체육센터;2007.10.01;위탁;16,083;139,821;36;47,439;4,023;68,050;1,542;11,742;56,308;40;4,023;2,740;-1,283
368;경기하남시;복지시설;종합사회복지관;하남시종합사회복지관;2005.02.17;위탁;6,147;4,870;17;285,496;1,428;13,279;251;3,221;10,058;40;1,428;703;-726
369;경기여주시;문화시설;공립도서관;여주도서관;2012.01.15;직영;4,245;5,000;20;209,229;1,174;10,579;529;3,041;7,537;40;1,174;5;-1,169
370;경기동두천시;문화시설;박물관;동두천시 경기북부어린이박물관;2016.04.19;직영;5,646;33,485;29;153,244;1,366;17,638;441;772;16,867;40;1,366;381;-985
371;경기동두천시;문화시설;청소년수련회관;동두천청소년수련관;2016.11.21;직영;3,651;2,314;10;64,000;309;11,738;246;409;11,329;40;309;17;-292
372;경기동두천시;체육시설;축구장;동두천종합운동장;1997.09.05;직영;6,241;22,950;6;186,318;520;18,531;342;5,971;12,560;40;520;51;-469
373;경기과천시;문화시설;공립도서관;과천시정보과학도서관;2002.05.16;직영;10,027;24,080;48;886,583;3,791;19,487;487;7,632;11,855;40;3,791;122;-3,668
374;경기과천시;문화시설;박물관;과천시 추사박물관;2013.06.03;직영;3,020;4,299;6;18,113;906;24,534;298;1,392;23,141;40;906;28;-878
375;경기과천시;문화시설;문화예술회관;과천시민회관;1995.08.23;위탁;7,726;22,237;106;3,070,028;13,820;57,774;1,452;31,875;25,900;40;13,820;9,569;-4,251
376;경기과천시;문화시설;청소년수련회관;청소년수련관;2007.12.01;직영;8,318;8,331;51;549,272;4,476;17,954;396;4,019;13,935;40;4,476;1,131;-3,345
377;경기양평군;문화시설;박물관;황순원문학촌 소나기마을;2009.06.13;위탁;2,035;47,640;8;110,139;465;11,463;278;2,404;9,059;40;465;92;-373
378;경기가평군;문화시설;문화예술회관;가평군문화예술회관;1998.07.11;위탁;1,843;5,153;3;60,860;377;10,978;274;5,375;5,603;40;377;53;-324
379;경기가평군;체육시설;체육관;한석봉체육관;2016.04.27;위탁;7,950;62,903;19;177,621;1,238;17,967;450;750;17,216;40;1,238;538;-700
380;경기연천군;문화시설;문화예술회관;연천수레울아트홀;2011.03.18;위탁;5,225;104,897;14;61,995;1,300;15,046;502;2,926;12,120;30;1,300;159;-1,141
381;경기연천군;복지시설;종합사회복지관;연천군 종합복지관;2017.07.20;위탁;6,740;5,325;3;21,957;146;15,631;195;195;15,436;40;146;2;-144
382;강원본청;문화시설;박물관;강원도디엠제트박물관;2008.11.30;직영;10,760;151,242;23;174,698;1,742;44,521;1,113;11,130;33,391;40;1,742;217;-1,525
383;강원춘천시;문화시설;공립도서관;춘천시립도서관;2017.06.22;직영;7,701;19,040;35;543,146;2,192;19,972;250;250;19,722;40;2,192;0;-2,192
384;강원춘천시;문화시설;문화예술회관;춘천문화예술회관;1993.04.10;위탁;9,782;34,405;7;87,292;750;15,996;400;9,598;6,398;40;750;188;-563
385;강원춘천시;체육시설;육상경기장;종합경기장;2009.07.31;위탁;6,164;75,595;9;53,301;699;41,000;1,025;8,200;32,800;40;699;31;-668
386;강원춘천시;체육시설;야구장;의암야구장;2005.02.04;위탁;9,994;22,717;3;13,985;249;17,104;428;5,131;11,973;40;249;38;-212
387;강원춘천시;체육시설;테니스장;송암테니스장;2009.10.22;위탁;10,817;58,865;5;40,607;404;20,000;500;4,000;16,000;40;404;471;66
388;강원춘천시;체육시설;체육관;호반체육관;1999.01.27;위탁;9,143;18,657;4;52,607;297;16,373;409;7,368;9,005;40;297;93;-205
389;강원춘천시;체육시설;수영장;국민체육센터;2002.10.21;위탁;6,328;31,649;20;120,401;1,363;10,200;255;3,825;6,375;40;1,363;737;-625
390;강원원주시;문화시설;공립도서관;원주시립중앙도서관;2015.12.11;직영;9,890;17,438;36;454,296;857;32,343;809;1,791;30,552;40;857;23;-833
391;강원원주시;문화시설;문화예술회관;원주백운아트홀;2007.12.20;직영;6,413;109,574;4;90,700;263;13,000;325;340;12,660;40;263;45;-218
392;강원원주시;문화시설;문화예술회관;치악예술관;1994.05.04;직영;7,807;15,630;17;119,375;2,588;16,514;413;9,943;6,571;40;2,588;2,705;117
393;강원원주시;체육시설;체육관;원주국민체육센터;2006.07.22;직영;9,994;19,354;23;283,963;1,376;38,880;972;10,692;28,188;40;1,376;1,019;-357
394;강원원주시;체육시설;체육관;원주드림체육관;2015.01.05;직영;5,034;6,066;17;134,244;774;12,100;303;1,210;10,890;40;774;312;-462
395;강원원주시;체육시설;체육관;종합체육관;2013.06.10;직영;23,034;270,559;9;131,172;931;50,000;1,250;6,250;43,750;40;931;427;-504
396;강원원주시;기타시설;기타시설;원주한지테마파크;2010.09.03;위탁;3,795;26,279;8;61,871;557;14,157;354;2,477;11,680;40;557;277;-280
397;강원강릉시;체육시설;축구장;강남축구공원;2010.05.14;직영;1,958;92,045;4;176,300;208;24,817;443;4,010;20,807;40;208;46;-163
398;강원강릉시;체육시설;체육관;강릉실내종합체육관;1998.12.15;직영;17,213;5,798;1;10,500;275;24,433;260;8,574;15,859;40;275;18;-258
399;강원강릉시;기타시설;기타시설;강릉녹색도시체험센터(이젠);2014.03.28;직영;7,865;60,243;18;804,767;1,022;35,000;813;2,963;32,037;40;1,022;351;-672
400;강원동해시;체육시설;육상경기장;동해웰빙레포츠타운 종합경기장;1993.06.30;위탁;20,736;378,045;17;571,987;1,155;25,356;608;8,213;17,143;40;1,155;425;-730
401;강원태백시;문화시설;박물관;태백고생대자연사박물관;2010.06.22;직영;6,207;12,727;12;61,686;244;20,000;477;3,617;16,383;40;244;55;-189
402;강원태백시;문화시설;박물관;태백석탄박물관;1997.06.04;직영;1,785;23,811;11;162,949;348;15,230;363;7,479;7,751;40;348;137;-211
403;강원태백시;문화시설;문화예술회관;태백문화예술회관;2003.06.30;직영;6,833;27,689;10;116,150;831;24,747;430;5,345;19,402;40;831;63;-768
404;강원태백시;문화시설;청소년수련회관;한국청소년안전체험관;2012.10.31;직영;25,964;950,376;79;89,220;2,920;179,000;2,347;9,386;169,614;40;2,920;861;-2,059
405;강원태백시;체육시설;체육관;고원체육관;2004.05.25;직영;10,956;67,647;3;131,940;174;23,750;594;8,115;15,635;40;174;6;-168
406;강원속초시;문화시설;박물관;속초시립박물관;2005.11.04;직영;4,679;62,260;29;113,877;2,000;16,167;404;4,855;11,312;40;2,000;146;-1,854
407;강원속초시;체육시설;육상경기장;속초종합경기장;1994.06.15;위탁;6,400;53,230;2;29,583;229;11,533;288;6,789;4,744;40;229;20;-209
408;강원삼척시;기타시설;기타시설;삼척해양레일바이크;2010.07.20;직영;1,540;114,775;38;510,431;4,790;31,696;2,891;20,198;14,502;40;4,790;4,044;-746
409;강원홍천군;체육시설;육상경기장;홍천종합운동장;2004.10.26;위탁;10,213;107,175;12;45,000;171;20,166;504;6,670;13,496;40;171;4;-167
410;강원홍천군;체육시설;체육관;홍천군국민체육센터;2012.02.01;위탁;2,851;11,150;19;201,283;789;10,844;271;1,335;9,509;40;789;368;-422
411;강원홍천군;체육시설;체육관;홍천종합체육관;2005.04.26;위탁;3,735;9,126;12;171,000;191;10,007;250;3,190;6,817;40;191;2;-189
412;강원횡성군;문화시설;문화예술회관;횡성문화예술회관;2013.12.18;직영;4,237;66,982;5;12,535;244;13,092;25;9,169;3,923;40;244;1;-243
413;강원횡성군;체육시설;육상경기장;횡성종합운동장;1999.12.22;직영;5,120;62,467;8;10,880;4,147;11,100;214;4,415;6,685;40;4,147;0;-4,147
414;강원영월군;문화시설;박물관;강원도 탄광문화촌;2010.10.20;위탁;625;88,556;4;46,103;113;11,816;295;2,659;9,157;40;113;66;-48
415;강원영월군;문화시설;박물관;동강생태공원;2010.08.25;직영;3,820;176,090;7;29,755;836;25,140;548;2,875;22,265;40;836;94;-742
416;강원영월군;체육시설;체육관;영월실내체육관;2011.06.30;직영;7,624;197,688;4;21,165;86;17,727;443;2,880;14,847;40;86;2;-84
417;강원영월군;복지시설;종합사회복지관;영월군종합사회복지관;2012.05.21;위탁;4,243;3,654;19;27,000;1,125;11,120;216;1,224;9,896;40;1,125;1,146;21
418;강원평창군;문화시설;문화예술회관;평창문화예술회관;1999.09.20;직영;4,168;28,145;3;29,353;419;11,500;523;5,175;6,325;40;419;2;-417
419;강원평창군;체육시설;체육관;평창국민체육센터;2011.05.16;직영;7,480;40,389;3;47,840;339;23,000;676;3,450;19,550;40;339;5;-333
420;강원정선군;문화시설;박물관;삼탄아트마인;2013.08.20;위탁;11,400;46,030;12;49,083;329;11,470;287;1,290;10,179;40;329;0;-329
421;강원정선군;문화시설;문화예술회관;아리랑센터;2016.05.19;위탁;7,168;10,620;22;29,260;395;33,307;71;89;33,218;40;395;2;-394
422;강원정선군;체육시설;육상경기장;정선종합경기장;2011.12.28;위탁;15,209;62,280;9;175,841;742;80,890;1,850;11,254;69,636;40;742;60;-682
423;강원철원군;문화시설;청소년수련회관;철원종합문화복지센터;2006.06.08;직영;7,194;29,949;13;110,599;742;16,054;375;4,145;10,654;40;742;112;-629
424;강원철원군;체육시설;육상경기장;종합운동장;1996.12.31;위탁;2,891;176,640;2;72,000;333;10,476;136;856;9,620;40;333;2;-332
425;강원철원군;체육시설;체육관;철원실내체육관;2007.08.28;위탁;5,479;17,366;1;63,000;198;12,500;274;2,851;9,649;40;198;9;-189
426;강원화천군;체육시설;체육관;화천체육관;2013.08.19;직영;5,626;12,871;2;35,750;114;12,316;308;1,508;10,808;40;114;6;-108
427;강원화천군;기타시설;기타시설;화천 생태영상센터;2011.05.02;위탁;4,131;25,380;8;21,640;442;19,650;371;2,846;16,804;40;442;16;-426
428;강원인제군;체육시설;기타체육시설;원통생활체육공원;2009.07.04;직영;456;95,303;3;13,445;97;11,109;274;480;10,629;40;97;4;-93
429;강원인제군;기타시설;기타시설;인제하늘내린센터;2009.08.06;위탁;6,795;22,905;25;218,102;4,853;36,757;809;6,534;30,223;40;4,853;1,521;-3,332
430;강원양양군;체육시설;육상경기장;양양군종합운동장;2016.06.27;직영;3,405;90,193;3;10,972;257;26,300;658;1,041;25,259;40;257;0;-257
431;강원양양군;체육시설;싸이클경기장;양양싸이클경기장;2012.05.30;직영;4,015;104,991;2;10,803;286;23,900;598;3,386;20,514;40;286;5;-281
432;충북본청;기타시설;기타시설;충북미래관;2009.08.24;위탁;12,587;2,692;21;108,030;2,407;40,311;527;4,351;35,960;40;2,407;1,359;-1,048
433;충북청주시;문화시설;공립도서관;청주상당도서관;2009.12.28;직영;2,681;3,807;10;264,267;739;11,126;177;1,515;9,611;40;739;1;-738
434;충북청주시;문화시설;공립도서관;청주시립도서관;2013.01.25;직영;5,370;11,041;62;530,728;6,073;13,150;67;785;12,365;40;6,073;5;-6,069
435;충북청주시;문화시설;박물관;청주고인쇄박물관;1992.03.17;직영;5,287;40,990;31;159,619;2,719;15,697;67;1,864;13,833;40;2,719;8;-2,711
436;충북청주시;문화시설;문화예술회관;청주예술의전당;1995.04.10;직영;19,740;32,406;41;351,927;3,810;35,458;1,141;19,184;16,274;40;3,810;609;-3,202
437;충북청주시;체육시설;축구장;용정축구공원;2009.03.31;위탁;235;52,417;1;98,278;100;11,661;316;2,334;9,327;40;100;148;48
438;충북청주시;체육시설;축구장;흥덕축구공원;2015.08.10;위탁;765;41,124;1;57,586;128;12,822;497;1,199;11,623;40;128;82;-45
439;충북청주시;체육시설;기타체육시설;국민체육센터 및 스쿼시경기장;2017.07.05;위탁;4,240;9,918;1;500;6;10,579;44;44;10,535;40;6;0;-6
440;충북청주시;체육시설;기타체육시설;장애인스포츠센터및근대5종훈련장;2016.03.21;위탁;6,864;20,000;4;32,848;197;19,205;336;561;18,644;40;197;21;-176
441;충북청주시;체육시설;기타체육시설;충북스포츠센터;2004.08.19;위탁;11,125;3,688;2;120,000;296;12,711;63;766;11,945;40;296;35;-261
442;충북청주시;복지시설;종합사회복지관;목령종합사회복지관;2009.09.13;위탁;6,732;7,199;12;150,000;640;11,435;289;2,320;9,115;40;640;2;-638
443;충북청주시;복지시설;종합사회복지관;오송종합사회복지관;2013.06.01;위탁;8,746;9,881;29;319,890;2,824;15,300;188;867;14,433;40;2,824;12;-2,812
444;충북충주시;문화시설;박물관;충주세계무술박물관;2011.07.08;직영;4,125;152,000;4;80,641;404;12,100;295;2,430;9,670;40;404;0;-404
445;충북충주시;체육시설;육상경기장;충주종합운동장;2017.09.28;직영;34,646;307,010;23;50,000;275;120,300;176;176;120,124;40;275;0;-275
446;충북충주시;체육시설;조정카누장;탄금호국제조정경기장;2013.02.18;직영;9,877;118,239;5;50,000;317;63,200;1,151;5,849;57,351;40;317;30;-286
447;충북제천시;문화시설;과학관;한방생명과학관;2010.06.01;BTL;6,663;47,278;22;36,000;571;33,680;920;6,684;26,996;40;571;0;-571
448;충북제천시;체육시설;체육관;어울림체육센터;2017.04.01;직영;4,233;29,497;9;29,331;410;17,039;361;361;16,679;40;410;19;-391
449;충북보은군;체육시설;체육관;국민체육센터;2006.09.16;직영;7,885;26,142;13;85,598;989;14,600;367;3,996;10,604;40;989;238;-751
450;충북보은군;체육시설;기타체육시설;보은공설운동장;2006.08.19;직영;2,298;34,643;6;43,770;350;10,910;262;2,487;8,423;40;350;0;-350
451;충북옥천군;체육시설;체육관;옥천체육센터;2004.09.02;직영;6,421;61,140;5;30,808;264;10,753;419;3,495;7,258;40;264;5;-259
452;충북영동군;체육시설;체육관;영동체육관;2008.09.22;직영;5,482;23,155;9;51,247;168;12,406;311;3,255;9,151;40;168;0;-168
453;충북영동군;기타시설;기타시설;영동국악체험촌;2015.05.20;직영;8,644;75,956;26;198,426;758;21,207;566;1,227;19,980;40;758;248;-510
454;충북진천군;문화시설;공립도서관;진천군립도서관;2012.09.20;직영;6,110;33,000;10;168,935;888;10,694;313;1,586;9,107;40;888;0;-888
455;충북음성군;문화시설;문화예술회관;음성문화예술회관;2008.05.19;직영;7,289;15,377;7;42,185;1,250;22,000;486;4,667;17,333;40;1,250;364;-886
456;충북음성군;체육시설;기타체육시설;감곡생활체육공원;2017.12.11;직영;1,240;50,051;2;1,037;4;13,929;0;0;13,929;40;4;0;-4
457;충북음성군;체육시설;기타체육시설;금왕생활체육공원;2008.08.08;직영;1,730;81,623;2;57,164;127;17,463;514;3,336;14,127;40;127;7;-120
458;충북음성군;체육시설;기타체육시설;대소생활체육공원;2016.11.16;직영;414;33,532;2;20,840;130;12,130;99;99;12,031;40;130;2;-129
459;충북단양군;기타시설;기타시설;다누리센터;2012.06.28;직영;14,436;9,596;36;590,210;3,369;32,600;162;960;31,640;40;3,369;2,017;-1,352
460;충남본청;문화시설;문화예술회관;충청남도 문예회관;2012.12.18;직영;6,605;140,000;4;42,350;127;24,646;618;3,053;21,592;40;127;11;-116
461;충남본청;기타시설;기타시설;백제문화단지;2010.09.17;직영;26,015;358,263;80;606,732;6,804;330,425;14,536;88,001;242,423;40;6,804;854;-5,951
462;충남천안시;문화시설;공립도서관;신방도서관;2013.01.21;직영;5,391;12,252;29;536,195;697;9,189;230;1,149;8,902;40;697;113;-584
463;충남천안시;문화시설;박물관;천안박물관;2007.11.21;직영;6,616;30,389;15;136,172;481;39,678;707;6,990;32,688;40;481;36;-445
464;충남천안시;문화시설;문화예술회관;두정문화회관;1992.06.12;직영;1,820;8,000;5;4,350;293;17,174;52;1,398;15,775;40;293;29;-264
465;충남천안시;문화시설;문화예술회관;성환문화회관;1995.12.18;직영;4,942;29,130;6;54,530;722;12,073;161;2,800;9,389;40;722;44;-678
466;충남천안시;문화시설;문화예술회관;천안예술의전당;2012.05.30;BTL;24,493;33,755;31;115,000;2,477;66,870;1,672;9,334;70,199;40;2,477;188;-2,289
467;충남천안시;체육시설;육상경기장;천안종합운동장;2001.12.28;위탁;39,074;458,874;44;884,674;4,628;105,588;2,846;44,910;62,990;40;4,628;798;-3,830
468;충남천안시;체육시설;축구장;천안축구센터;2008.10.19;위탁;20,221;190,550;10;330,341;1,692;55,809;1,029;9,050;114,268;40;1,692;1,031;-661
469;충남천안시;체육시설;야구장;천안야구장;2013.11.26;위탁;0;111,365;2;25,367;165;12,928;884;958;48,270;40;165;52;-113
470;충남천안시;체육시설;기타체육시설;천안생활체육공원;2011.01.06;BTL;2,172;105,310;12;54,446;2,095;1,755;68;468;13,432;40;2,095;67;-2,028
471;충남천안시;기타시설;기타시설;천안홍대용과학관;2014.05.14;BTL;3,443;13,907;19;83,213;1,089;5,960;149;546;21,309;40;1,089;90;-999
472;충남공주시;문화시설;박물관;석장리박물관;2006.09.26;직영;2,050;34,132;7;315,857;2,603;14,332;38;426;13,906;40;2,603;79;-2,524
473;충남공주시;기타시설;기타시설;고마;2013.01.09;직영;6,123;71,294;3;43,057;760;31,400;614;1,894;29,506;40;760;299;-461
474;충남보령시;문화시설;박물관;보령문화의전당;2013.11.29;직영;8,636;14,382;15;98,494;1,005;46,412;1,160;4,640;41,772;40;1,005;45;-960
475;충남보령시;문화시설;문화예술회관;보령문화예술회관;2002.05.09;직영;6,026;17,197;9;66,167;1,227;15,400;385;5,775;9,625;40;1,227;107;-1,120
476;충남보령시;체육시설;육상경기장;육상경기장;1995.10.14;직영;13,624;113,197;3;22,247;220;13,804;345;7,590;6,214;40;220;2;-218
477;충남보령시;체육시설;체육관;보령종합체육관;2016.09.30;직영;13,592;16,586;7;62,733;563;29,480;737;921;28,559;40;563;42;-520
478;충남아산시;문화시설;박물관;영인산 산림박물관;2012.05.11;위탁;6,043;27,996;7;61,280;239;16,000;400;2,000;14,000;40;239;0;-239
479;충남아산시;문화시설;청소년수련회관;아산시청소년교육문화센터;2010.05.20;위탁;7,252;71,952;37;180,000;1,645;24,000;600;4,200;19,800;40;1,645;0;-1,645
480;충남아산시;체육시설;육상경기장;이순신종합운동장;2008.04.08;직영;24,776;119,119;10;45,112;958;63,400;1,585;14,265;49,135;40;958;1;-956
481;충남아산시;체육시설;체육관;이순신빙상장체육관;2011.12.31;BTL;13,300;30,892;37;165,754;2,930;30,500;763;4,575;25,925;40;2,930;640;-2,290
482;충남아산시;체육시설;수영장;아산시배미수영장;2016.05.01;위탁;7,792;17,143;27;165,391;1,370;24,600;615;615;23,985;40;1,370;530;-840
483;충남아산시;기타시설;기타시설;장영실 과학관;2011.02.28;BTL;4,953;5,033;11;203,395;642;15,000;375;2,250;12,750;40;642;288;-354
484;충남서산시;문화시설;청소년수련회관;서산문화복지센터;2012.05.18;위탁;6,928;24,618;26;174,971;1,654;21,176;405;2,022;19,417;40;1,654;47;-1,607
485;충남서산시;체육시설;육상경기장;서산종합운동장;2001.12.28;직영;12,736;146,221;4;170,000;166;5,130;77;1,044;10,956;40;166;6;-160
486;충남서산시;체육시설;체육관;서산시민체육관;2001.12.28;직영;3,538;7,986;8;26,332;234;3,517;90;1,433;9,267;40;234;83;-151
487;충남서산시;기타시설;기타시설;서산버드랜드;2013.11.01;직영;4,527;224,197;24;138,329;590;24,969;1,018;4,290;21,035;40;590;226;-365
488;충남논산시;문화시설;박물관;백제군사박물관;2005.03.07;직영;4,471;238,269;18;106,843;1,152;24,760;619;7,428;17,332;40;1,152;0;-1,152
489;충남논산시;체육시설;육상경기장;논산시 공설운동장;1997.06.30;직영;17,943;89,860;8;369,077;314;21,546;539;10,773;10,773;40;314;45;-269
490;충남논산시;체육시설;체육관;논산국민체육센터;2009.07.30;직영;5,530;14,361;23;234,644;2,130;15,500;330;3,043;12,457;47;2,130;689;-1,441
491;충남계룡시;문화시설;문화예술회관;계룡문화예술의전당;2011.06.16;BTL;9,462;24,067;16;47,041;1,336;23,719;593;4,151;19,568;40;1,336;56;-1,279
492;충남계룡시;체육시설;육상경기장;종합운동장;2012.06.30;직영;2,745;176,103;7;34,174;252;16,540;414;2,481;14,059;40;252;30;-221
493;충남계룡시;체육시설;체육관;계룡시민체육관;2010.12.16;직영;5,969;5,143;7;58,645;344;13,000;325;2,275;10,725;40;344;19;-325
494;충남당진시;문화시설;박물관;기지시줄다리기박물관;2011.04.08;직영;2,367;41,478;4;101,177;500;14,800;370;2,590;12,210;40;500;0;-500
495;충남당진시;문화시설;문화예술회관;당진문예의전당;2005.04.21;위탁;7,600;15,982;19;84,220;1,511;29,475;737;9,579;19,896;40;1,511;1,514;3
496;충남당진시;체육시설;육상경기장;당진종합운동장;2006.05.18;직영;4,995;198,622;4;31,000;292;20,300;304;4,256;16,044;40;292;63;-229
497;충남당진시;복지시설;종합사회복지관;당진시종합복지타운;2012.08.03;위탁;14,856;12,411;7;1,459,953;678;32,820;793;4,759;28,061;40;678;814;135
498;충남당진시;기타시설;기타시설;당진교육문화스포츠센터;2009.05.13;BTL;11,356;12,931;16;241,888;2,662;21,067;680;6,361;14,706;40;2,662;683;-1,979
499;충남금산군;문화시설;문화예술회관;금산다락원;2004.10.29;직영;25,719;70,176;28;160,000;2,605;42,000;1,050;13,650;28,350;40;2,605;193;-2,412
500;충남부여군;문화시설;박물관;정림사지박물관;2006.09.29;위탁;3,691;61,499;5;195,437;432;10,314;258;2,836;7,478;40;432;128;-304
501;충남부여군;체육시설;육상경기장;부여종합운동장;2006.07.04;위탁;7,248;131,320;3;40,281;322;21,340;534;5,869;15,472;40;322;6;-317
502;충남서천군;체육시설;육상경기장;서천종합운동장;2017.06.23;직영;645;92,299;4;4,516;75;20,271;42;42;21,301;40;75;0;-75
503;충남서천군;체육시설;체육관;서천국민체육센터;2013.09.01;직영;5,367;59,858;4;55,096;187;9,791;245;1,000;9,400;40;187;17;-170
504;충남청양군;문화시설;문화예술회관;청양문화예술회관;2006.10.25;직영;5,615;31,106;7;54,518;1,305;20,674;476;5,350;15,324;40;1,305;65;-1,240
505;충남청양군;체육시설;육상경기장;청양공설운동장;1996.10.10;직영;1,073;102,602;1;6,310;342;19,343;484;10,252;9,091;40;342;1;-341
506;충남청양군;체육시설;체육관;청양군민체육관;2009.08.27;직영;8,560;40,647;2;32,275;546;19,500;488;4,103;15,397;40;546;10;-536
507;충남홍성군;체육시설;육상경기장;홍주종합경기장;2000.10.01;직영;16,983;142,411;2;11,600;206;16,309;408;10,193;6,116;40;206;3;-202
508;충남예산군;체육시설;체육관;윤봉길체육관;2016.12.31;직영;8,501;4,371;2;41,470;185;33,000;825;825;32,175;40;185;9;-176
509;충남태안군;체육시설;육상경기장;태안군 종합운동장;2016.05.20;직영;3,649;94,470;3;9,125;131;11,996;600;600;11,396;40;131;22;-109
510;전북본청;문화시설;문화예술회관;한국소리문화의전당;2001.09.21;위탁;36,575;110,291;40;308,879;5,430;109,400;2,056;37,705;71,695;40;5,430;5,534;103
511;전북전주시;체육시설;축구장;월드컵경기장;2001.10.31;위탁;52,466;473,293;13;262,184;1,643;136,506;3,413;58,015;78,491;40;1,643;636;-1,007
512;전북전주시;체육시설;체육관;화산체육관(종합관);1996.12.11;위탁;15,164;28,645;6;202,528;976;12,900;323;7,095;5,805;40;976;616;-360
513;전북전주시;체육시설;수영장;완산수영장;2004.01.19;위탁;8,887;23,576;14;132,226;1,541;22,500;563;7,875;14,625;40;1,541;1,320;-222
514;전북전주시;체육시설;빙상장;화산체육관(빙상경기장);1996.12.11;위탁;11,051;20,875;5;174,891;1,241;13,650;341;7,508;6,143;40;1,241;1,033;-208
515;전북전주시;기타시설;기타시설;풍남학사;2010.02.26;직영;2,777;1,984;10;32,485;820;10,900;273;2,180;8,720;40;820;148;-672
516;전북군산시;문화시설;공립도서관;군산시립도서관;2008.12.26;직영;5,736;2,450;27;563,359;2,040;9,132;114;1,044;8,088;40;2,040;45;-1,995
517;전북군산시;문화시설;박물관;군산근대역사박물관;2011.09.30;직영;4,248;8,328;20;874,870;1,803;18,200;374;2,369;15,831;40;1,803;1,062;-741
518;전북군산시;문화시설;문화예술회관;군산예술의전당;2013.03.29;직영;20,417;39,048;26;173,099;3,363;81,000;2,025;9,619;71,381;40;3,363;495;-2,868
519;전북군산시;문화시설;청소년수련회관;군산청소년수련관;1995.11.01;위탁;10,689;18,402;20;406,340;969;12,414;352;6,133;6,281;40;969;1,071;101
520;전북군산시;체육시설;기타체육시설;군산실내배드민턴장;2015.08.18;직영;6,553;4,527;3;69,533;199;10,540;264;660;9,880;40;199;98;-101
521;전북군산시;체육시설;기타체육시설;군산월명체육관;1991.09.20;직영;10,821;32,325;7;186,233;908;9,463;237;3,667;5,796;40;908;778;-130
522;전북익산시;문화시설;공립도서관;익산시립모현도서관;2011.05.31;BTL;7,492;9,963;26;590,353;2,383;12,795;320;2,186;10,609;40;2,383;147;-2,235
523;전북익산시;문화시설;박물관;보석박물관;2002.05.22;직영;13,193;141,990;25;208,333;1,775;55,000;310;5,756;49,244;40;1,775;278;-1,497
524;전북익산시;문화시설;문화예술회관;솜리문화예술회관;1996.10.30;직영;7,005;12,977;8;94,120;427;12,222;75;1,387;10,835;40;427;82;-345
525;전북익산시;문화시설;문화예술회관;익산예술의전당;2014.12.31;BTL;12,963;21,245;27;77,382;3,052;41,286;1,032;3,096;38,190;40;3,052;537;-2,515
526;전북익산시;체육시설;체육관;익산실내체육관;1997.12.08;직영;18,979;43,738;4;0;334;15,074;201;4,655;10,419;40;334;10;-324
527;전북남원시;문화시설;박물관;백두대간 생태교육장;2016.04.26;직영;5,160;78,028;14;51,508;345;22,540;1,071;1,071;21,469;40;345;61;-284
528;전북남원시;체육시설;체육관;춘향골체육관;2009.12.24;직영;7,417;23,099;3;42,979;354;17,103;428;3,029;14,075;40;354;15;-338
529;전북김제시;문화시설;문화예술회관;김제문화예술회관;2009.04.24;직영;4,868;15,820;9;46,459;717;16,050;399;3,995;12,055;40;717;44;-672
530;전북완주군;문화시설;박물관;대한민국 술테마박물관;2014.10.04;직영;4,354;61,594;12;38,956;501;20,700;443;1,402;19,298;40;501;63;-438
531;전북완주군;기타시설;기타시설;완주군근로자종합복지관;2014.06.16;직영;5,290;77,052;12;130,000;867;14,452;408;1,032;13,420;40;867;218;-649
532;전북무주군;체육시설;체육관;무주국민체육센터;2013.07.01;직영;4,990;16,000;1;91,000;160;11,843;113;849;10,995;40;160;8;-152
533;전북장수군;체육시설;승마장;장수승마장;2007.08.31;직영;15,772;110,420;7;1,000;267;107;3;4;103;40;267;82;-185
534;전북장수군;기타시설;기타시설;한누리전당;2007.10.04;직영;56,014;88,560;13;83,565;504;19,388;489;4,468;14,921;40;504;98;-406
535;전북순창군;체육시설;육상경기장;순창공설운동장;2008.11.14;직영;19,870;182,133;3;78,963;132;29,117;242;5,965;23,151;40;132;17;-115
536;전북고창군;문화시설;박물관;고창고인돌박물관;2008.09.25;직영;3,953;57,988;16;290,497;513;18,256;456;4,564;13,692;40;513;193;-319
537;전북고창군;문화시설;문화예술회관;고창문화의전당;2008.12.05;직영;4,049;8,772;7;21,329;623;13,300;333;2,993;10,308;40;623;20;-602
538;전북고창군;체육시설;육상경기장;고창공설운동장;2001.12.17;직영;717;111,779;2;160,000;106;12,367;309;4,947;7,420;40;106;1;-104
539;전북고창군;체육시설;체육관;고창군립체육관;2012.05.24;직영;7,442;111,779;4;64,982;337;19,200;480;2,400;16,800;40;337;2;-335
540;전북부안군;문화시설;박물관;부안청자박물관;2010.12.31;직영;5,841;69,452;13;100,942;752;28,708;718;5,024;23,684;40;752;167;-585
541;전북부안군;문화시설;문화예술회관;부안예술회관;2001.01.10;직영;6,778;16,372;11;45,426;547;11,387;285;4,839;6,548;40;547;64;-483
542;전북부안군;체육시설;기타체육시설;부안스포츠파크;2010.04.15;직영;6,536;258,120;8;190,580;336;30,469;769;8,099;22,370;40;336;21;-316
543;전북부안군;기타시설;기타시설;줄포만갯벌생태관;2013.05.03;직영;7,943;76,755;7;268,648;421;23,300;583;2,330;20,970;40;421;259;-162
544;전남본청;문화시설;문화예술회관;남도소리울림터;2015.04.10;위탁;5,166;6,550;6;21,643;623;23,792;474;1,263;22,529;40;623;40;-582
545;전남본청;체육시설;기타체육시설;F1국제자동차경주장;2011.09.30;위탁;73,225;1,793,003;48;181,270;3,253;428,500;9,609;60,053;368,447;40;3,253;3,775;521
546;전남목포시;문화시설;박물관;김대중노벨평화상기념관;2013.06.15;위탁;4,677;15,606;11;228,439;864;20,450;489;2,199;18,251;40;864;2,152;1,288
547;전남목포시;문화시설;박물관;목포자연사박물관;2004.09.10;직영;9,177;29,226;19;444,401;1,356;21,380;484;6,419;14,961;40;1,356;430;-926
548;전남목포시;문화시설;문화예술회관;문화예술회관;1997.09.29;직영;12,772;42,199;16;48,792;2,310;18,000;392;7,938;10,062;40;2,310;211;-2,099
549;전남목포시;문화시설;문화예술회관;시민문화체육센터;2003.04.30;직영;17,547;55,173;9;147,168;1,298;31,000;678;9,951;21,049;40;1,298;124;-1,174
550;전남목포시;체육시설;축구장;목포국제축구센터;2009.08.10;위탁;16,481;214,934;14;463,991;2,600;71,800;1,599;13,328;58,472;40;2,600;3,323;723
551;전남여수시;체육시설;육상경기장;여수시 망마경기장;1997.02.04;직영;9,976;20,958;10;14,121;611;15,334;383;7,986;7,348;40;611;20;-592
552;전남순천시;문화시설;문화예술회관;순천시문화예술회관;1993.04.03;직영;6,507;9,954;12;96,482;765;11,729;293;782;10,947;40;765;218;-547
553;전남순천시;기타시설;기타시설;순천만국제습지센터;2012.12.28;직영;8,705;158,673;11;60,646;507;42,933;973;4,867;38,067;40;507;29;-479
554;전남순천시;기타시설;기타시설;순천만자연생태관;2004.11.05;직영;1,170;2,477;103;1,591,292;10,610;15,900;387;5,101;10,395;40;10,610;12,127;1,517
555;전남순천시;기타시설;기타시설;순천시문화건강센터;2011.09.30;직영;16,934;26,160;8;250,000;350;67,400;1,678;10,487;56,913;40;350;77;-273
556;전남나주시;체육시설;육상경기장;종합스포츠파크(종합운동장);2011.11.20;직영;6,712;35,398;2;28,000;206;37,900;948;5,764;32,136;40;206;5;-201
557;전남나주시;체육시설;체육관;종합스포츠파크(다목적체육관);2011.03.15;직영;4,952;5,500;1;35,000;78;13,600;340;2,295;11,305;40;78;8;-70
558;전남나주시;체육시설;수영장;국민체육센터(수영장,생활체육관);2011.01.01;직영;6,558;9,830;11;140,000;490;16,700;418;2,923;13,778;40;490;342;-148
559;전남나주시;체육시설;롤러스케이트장;종합스포츠파크(롤러경기장);2008.08.17;직영;1,719;3,000;0;15,000;60;10,100;253;2,357;7,743;40;60;0;-60
560;전남광양시;체육시설;수영장;광양수영장;2011.05.02;직영;6,094;21,203;26;281,406;1,135;17,790;391;2,575;15,215;40;1,135;873;-263
561;전남담양군;체육시설;체육관;담양종합체육관;2008.08.01;직영;7,790;21,794;2;151,847;226;18,277;447;4,321;13,956;40;226;9;-217
562;전남곡성군;문화시설;문화예술회관;레저문화센터;2010.03.10;직영;5,760;6,868;3;163,176;433;17,309;377;2,931;14,379;40;433;31;-402
563;전남구례군;체육시설;육상경기장;구례공설운동장;2008.07.21;직영;2,823;162,572;4;32,639;303;27,895;723;5,575;22,320;40;303;11;-293
564;전남구례군;복지시설;종합사회복지관;구례종합사회복지관;2007.06.08;직영;4,026;9,990;9;35,616;455;10,453;232;2,445;8,008;40;455;7;-447
565;전남고흥군;문화시설;박물관;고흥분청문화박물관;2017.05.15;직영;10,618;37,698;22;12,713;528;30,387;0;0;30,388;0;528;16;-512
566;전남고흥군;문화시설;문화예술회관;고흥문화회관;1999.06.26;직영;3,439;34,279;15;40,632;1,345;11,651;284;5,259;6,392;40;1,345;70;-1,275
567;전남고흥군;체육시설;축구장;박지성공설운동장;2001.08.30;직영;21,800;70,000;1;2,220;137;12,393;296;4,827;7,566;40;137;0;-136
568;전남고흥군;체육시설;체육관;팔영체육관;2004.01.28;직영;4,424;37,698;2;33,550;325;10,719;260;3,622;7,097;40;325;4;-321
569;전남보성군;문화시설;문화예술회관;보성군 문화예술회관;2015.03.15;직영;4,321;16,420;8;12,300;246;15,900;398;1,093;14,807;40;246;21;-225
570;전남보성군;문화시설;청소년수련회관;보성군청소년수련원;2014.09.30;위탁;2,463;5,671;11;33,633;797;14,096;352;1,145;12,951;40;797;722;-75
571;전남보성군;체육시설;체육관;벌교 스포츠센터;2014.11.28;직영;5,119;19,803;3;47,390;143;13,200;330;1,018;12,183;40;143;14;-128
572;전남보성군;기타시설;기타시설;봇재;2015.11.20;직영;3,922;49,430;6;61,914;337;18,700;468;1,441;17,259;40;337;327;-10
573;전남보성군;기타시설;기타시설;전남권 환경성질환 예방관리센터;2015.04.01;직영;8,205;2,122;8;8,233;411;10,000;250;688;9,313;40;411;162;-250
574;전남화순군;체육시설;기타체육시설;하니움문화스포츠센터;2009.09.18;직영;17,155;51,548;13;103,051;1,061;37,700;928;8,548;29,152;40;1,061;116;-946
575;전남장흥군;문화시설;문화예술회관;장흥문화예술회관;2004.05.01;직영;5,008;18,413;6;20,270;461;11,098;277;3,792;7,306;40;461;26;-435
576;전남강진군;기타시설;기타시설;강진문화복지종합타운;2011.03.31;위탁;3,101;5,304;23;82,768;4,935;46,096;1,071;7,254;38,842;40;4,935;43;-4,892
577;전남해남군;문화시설;박물관;해남공룡박물관;2007.04.27;직영;7,966;748,243;19;235,031;1,857;50,143;1,254;12,536;37,607;40;1,857;591;-1,266
578;전남해남군;문화시설;문화예술회관;문화예술회관;2002.04.20;직영;16,838;21,813;23;209,804;1,243;18,000;450;7,050;10,950;40;1,243;70;-1,173
579;전남해남군;체육시설;축구장;우슬체육공원 축구장;2006.08.01;직영;19,500;93,348;9;26,570;307;11,600;580;6,622;4,978;20;307;19;-287
580;전남무안군;체육시설;체육관;무안종합스포츠파크;2010.03.30;직영;17,302;229,385;30;87,000;425;58,300;1,458;11,296;47,004;40;425;406;-19
581;전남무안군;기타시설;기타시설;무안생태갯벌센터;2006.06.26;직영;3,277;58,104;11;84,512;508;19,700;95;1,097;18,603;40;508;30;-478
582;전남무안군;기타시설;기타시설;초의선사 탄생지;1999.09.13;직영;2,045;88,695;1;13,179;171;16,200;592;6,813;9,387;20;171;3;-168
583;전남함평군;기타시설;기타시설;양서파충류생태공원;2014.10.21;직영;2,964;85,000;8;128,575;575;19,500;473;1,104;18,396;40;575;241;-334
584;전남함평군;기타시설;기타시설;엑스포공원사업소;2008.04.01;직영;16,807;556,087;18;608,544;3,743;25,083;677;9,765;15,318;40;3,743;2,457;-1,286
585;전남영광군;문화시설;문화예술회관;영광예술의전당;2014.06.24;직영;3,839;27,937;8;61,125;705;25,200;591;2,068;23,132;40;705;29;-676
586;전남영광군;체육시설;육상경기장;영광스포티움;2007.10.30;직영;15,710;204,653;16;253,426;1,688;58,450;1,263;11,117;47,333;40;1,688;359;-1,329
587;전남장성군;문화시설;박물관;홍길동테마파크;2005.01.01;직영;2,828;230,639;5;200,000;578;48,500;2,550;23,850;24,650;40;578;95;-483
588;전남장성군;문화시설;문화예술회관;장성문화예술회관;2014.03.21;직영;3,574;57,918;5;51,121;544;25,700;656;2,474;23,226;40;544;36;-508
589;전남장성군;체육시설;체육관;홍길동체육관;2001.11.08;직영;3,066;57,918;5;53,277;599;14,600;354;5,751;8,849;40;599;35;-564
590;전남완도군;문화시설;문화예술회관;완도문화예술회관;2010.08.05;BTL;7,289;8,042;5;33,625;380;16,774;419;3,075;13,698;40;380;19;-361
591;전남진도군;체육시설;육상경기장;진도군공설운동장;2007.02.01;직영;4,021;189,095;1;23,178;65;10,472;229;2,499;7,973;40;65;0;-65
592;전남진도군;체육시설;체육관;진도군실내체육관;2010.12.10;직영;5,496;98,489;2;24,570;116;10,000;225;1,573;8,427;40;116;3;-113
593;전남진도군;기타시설;기타시설;진도타워;2013.12.06;직영;2,324;12,321;5;255,620;133;11,000;225;2,900;8,100;40;133;139;6
594;전남신안군;체육시설;축구장;신안공설운동장;2016.10.15;직영;1,284;85,252;3;4,490;28;19,121;390;455;18,666;40;28;1;-27
595;경북본청;문화시설;박물관;경상북도산림과학박물관;2004.05.25;직영;5,284;177,542;6;97,693;153;22,540;564;7,326;15,215;40;153;0;-153
596;경북본청;기타시설;기타시설;경주타워;2007.08.14;위탁;4,016;82,846;5;100,037;233;28,000;700;7,000;21,000;40;233;431;199
597;경북포항시;문화시설;공립도서관;포항시립포은중앙도서관;2015.07.29;직영;9,812;6,815;23;1,940,812;3,049;24,000;635;2,037;21,963;40;3,049;34;-3,015
598;경북포항시;문화시설;박물관;새천년기념관;2009.10.04;직영;5,101;5,447;6;1,317,559;266;11,762;294;2,352;9,409;40;266;10;-256
599;경북포항시;문화시설;미술관;포항시립미술관;2009.12.22;직영;5,657;8,008;27;315,789;1,878;14,000;348;2,465;11,535;40;1,878;6;-1,872
600;경북포항시;문화시설;문화예술회관;포항문화예술회관;1995.03.20;위탁;12,944;31,988;40;218,000;2,748;28,100;703;15,455;12,645;40;2,748;416;-2,332
601;경북포항시;체육시설;야구장;포항야구장;2013.01.25;위탁;7,352;235,752;10;95,004;420;31,395;785;3,140;28,256;40;420;244;-175
602;경북포항시;복지시설;종합사회복지관;포항시 평생학습원;2013.07.20;직영;12,827;54,525;39;52,000;1,414;29,900;748;2,990;26,910;40;1,414;5;-1,409
603;경북포항시;기타시설;기타시설;포항구룡포과메기문화관;2016.05.31;직영;7,678;5,071;7;346,483;114;15,338;383;383;14,955;40;114;22;-92
604;경북경주시;문화시설;문화예술회관;경주 예술의전당;2010.08.12;BTL;21,232;31,595;26;225,690;1,316;75,450;1,886;13,204;62,246;40;1,316;940;-377
605;경북경주시;체육시설;축구장;축구공원;2007.12.11;위탁;285;57,670;5;98,770;739;10,507;263;2,627;7,880;40;739;131;-608
606;경북경주시;체육시설;체육관;실내체육관;1998.09.15;위탁;9,149;21,000;1;26,820;582;24,800;620;11,780;13,020;40;582;21;-561
607;경북김천시;문화시설;공립도서관;김천시립도서관;2003.11.12;직영;7,278;18,770;25;229,947;1,896;25,000;625;8,750;16,250;40;1,896;5;-1,891
608;경북김천시;문화시설;문화예술회관;김천시문화예술회관;2000.04.15;직영;12,165;18,600;14;83,908;1,397;30,000;750;12,750;17,250;40;1,397;333;-1,064
609;경북김천시;문화시설;과학관;김천녹색미래과학관;2014.09.19;BTL;7,371;16,500;19;148,143;862;34,274;857;2,571;31,703;40;862;180;-682
610;경북김천시;체육시설;육상경기장;김천시종합운동장;2000.04.15;직영;19,761;162,260;3;47,700;326;41,000;1,025;17,425;23,575;40;326;2;-324
611;경북김천시;체육시설;체육관;김천실내체육관;2005.05.31;직영;15,589;44,820;7;127,104;599;37,000;925;11,100;25,900;40;599;86;-513
612;경북김천시;체육시설;수영장;김천실내수영장;2006.05.15;직영;12,578;38,588;28;83,885;1,675;33,000;825;9,075;23,925;40;1,675;1,045;-630
613;경북김천시;기타시설;기타시설;김천시립문화회관;2015.11.20;직영;1,973;2,885;2;14,246;154;11,135;278;557;10,578;40;154;18;-136
614;경북안동시;문화시설;문화예술회관;안동문화예술의전당;2010.09.17;BTL;18,329;18,284;45;145,000;1,117;49,565;1,239;8,674;40,891;40;1,117;500;-617
615;경북안동시;체육시설;육상경기장;안동시민운동장;1976.04.26;직영;6,724;42,338;3;36,500;413;11,100;278;11,100;0;40;413;22;-391
616;경북안동시;체육시설;체육관;안동체육관;2002.06.19;위탁;8,038;33,206;6;146,850;661;31,494;787;11,810;19,684;40;661;242;-419
617;경북안동시;기타시설;기타시설;유교랜드;2013.06.01;위탁;13,349;14,650;19;75,955;1,275;43,000;1,075;4,300;38,700;40;1,275;1,171;-104
618;경북구미시;문화시설;문화예술회관;구미시문화예술회관;1989.10.16;직영;10,319;20,587;28;260,000;4,678;10,357;259;7,250;3,107;40;4,678;133;-4,545
619;경북구미시;문화시설;청소년수련회관;구미시선산청소년수련관;2010.12.28;위탁;12,956;16,074;33;104,543;1,689;25,700;643;4,498;21,203;40;1,689;345;-1,344
620;경북구미시;체육시설;육상경기장;보조경기장;2012.04.15;직영;17,530;38,153;14;29,847;1,147;29,670;742;3,709;25,961;40;1,147;5;-1,142
621;경북구미시;체육시설;테니스장;금오테니스장;2012.04.01;위탁;4,865;24,966;5;39,572;441;12,500;313;1,563;10,938;40;441;207;-234
622;경북구미시;체육시설;체육관;구미시장애인체육관;2013.08.09;위탁;3,727;19,065;13;132,619;951;10,500;263;1,050;9,450;40;951;160;-791
623;경북구미시;체육시설;체육관;박정희체육관;2000.12.29;직영;16,519;48,543;14;50,697;1,147;29,691;742;12,619;17,072;40;1,147;8;-1,139
624;경북구미시;기타시설;기타시설;구미시근로자문화센터;2011.04.14;위탁;5,995;15,503;32;905,259;2,039;16,601;415;2,490;14,111;40;2,039;1,231;-807
625;경북구미시;기타시설;기타시설;구미에코랜드;2017.05.08;직영;3,856;83,395;25;370,000;921;19,600;490;0;19,600;40;921;321;-600
626;경북구미시;기타시설;기타시설;신라불교초전지;2017.07.14;위탁;2,537;36,919;8;5,915;290;20,000;500;0;20,000;40;290;4;-286
627;경북영주시;문화시설;박물관;소수박물관;2004.09.22;직영;4,358;14,143;5;240,000;415;16,904;423;5,494;11,410;40;415;106;-309
628;경북영주시;문화시설;박물관;인삼박물관;2013.05.03;직영;1,374;4,647;4;12,979;177;11,905;298;1,190;10,714;40;177;11;-166
629;경북영주시;문화시설;문화예술회관;영주문화예술회관;2012.04.30;직영;2,797;13,372;6;25,559;820;13,199;330;1,650;11,549;40;820;19;-800
630;경북영주시;체육시설;육상경기장;영주시민운동장;1986.10.30;직영;19,945;32,040;5;26,160;669;14,026;351;10,870;3,156;40;669;4;-666
631;경북영주시;체육시설;체육관;영주국민체육센터;2005.10.05;직영;5,630;36,400;0;42,223;53;16,000;400;4,800;11,200;40;53;10;-43
632;경북영천시;문화시설;공립도서관;영천시립도서관;2014.04.03;직영;5,639;12,857;11;255,528;771;13,600;340;1,020;12,580;45;771;37;-735
633;경북영천시;체육시설;체육관;종합스포츠센터;2006.03.15;직영;6,506;40,115;32;263,609;1,586;10,300;258;2,833;7,468;40;1,586;814;-772
634;경북영천시;기타시설;기타시설;교육문화센터;2014.12.30;직영;3,916;5,871;11;80,500;629;11,704;293;878;10,826;40;629;80;-548
635;경북상주시;체육시설;체육관;국민체육센터;2008.01.08;직영;4,568;1,591;18;242,000;1,353;10,657;266;2,398;8,259;40;1,353;449;-904
636;경북상주시;체육시설;체육관;상주시실내체육관(신관);2012.06.12;직영;12,147;23,424;8;82,500;490;31,224;781;3,903;27,321;40;490;5;-485
637;경북상주시;체육시설;승마장;상주국제승마장;2010.07.26;직영;11,858;151,746;17;182,000;974;20,606;515;3,606;17,000;40;974;670;-304
638;경북문경시;문화시설;박물관;문경자연생태박물관;2007.10.14;직영;3,643;63,057;6;20,295;119;15,719;393;3,930;11,789;40;119;19;-100
639;경북문경시;문화시설;박물관;석탄박물관;1999.05.20;직영;1,805;50,136;22;246,698;641;19,290;482;8,681;10,610;40;641;671;30
640;경북경산시;문화시설;박물관;경산시립박물관;2005.06.13;직영;4,940;11,809;9;97,600;820;14,300;358;4,290;10,010;40;820;3;-817
641;경북경산시;체육시설;육상경기장;경산시민운동장;2009.03.06;직영;6,478;73,908;20;730;274;26,500;663;5,300;21,200;40;274;9;-265
642;경북경산시;체육시설;체육관;경산실내체육관;2009.03.06;직영;17,851;36,375;20;158,728;528;49,200;1,230;9,840;39,360;40;528;206;-322
643;경북군위군;문화시설;문화예술회관;삼국유사교육문화회관;2007.10.02;직영;7,317;28,383;14;24,390;1,366;17,400;435;4,350;13,050;40;1,366;48;-1,318
644;경북의성군;문화시설;박물관;의성조문국박물관;2012.10.24;직영;3,980;18,695;17;122,584;1,691;18,000;450;2,250;15,750;40;1,691;2;-1,690
645;경북의성군;체육시설;체육관;의성국민체육센터;2014.04.23;직영;1,427;9,200;11;69,659;547;10,200;255;765;9,435;40;547;140;-407
646;경북청송군;문화시설;문화예술회관;청송문화예술회관;2013.04.30;직영;3,117;2,182;3;40,090;75;18,000;450;1,800;16,200;40;75;2;-73
647;경북영덕군;문화시설;문화예술회관;예주문화예술회관;2004.02.10;직영;4,195;91,384;9;24,596;523;12,847;321;4,175;8,672;40;523;2;-521
648;경북영덕군;체육시설;기타체육시설;영덕문화체육센터;2005.11.29;직영;3,252;16,719;14;45,000;619;10,686;267;3,206;7,480;40;619;167;-451
649;경북영덕군;기타시설;기타시설;영덕군 고래불국민야영장;2017.02.01;직영;778;72,002;15;51,769;470;19,100;478;0;19,100;40;470;610;140
650;경북청도군;체육시설;체육관;청도국민체육센터;2010.05.12;직영;5,798;49,020;14;49,505;282;12,232;306;2,141;10,091;40;282;84;-198
651;경북고령군;문화시설;문화예술회관;문화누리관;2015.09.16;직영;5,904;35,123;12;150,000;1,488;15,699;392;785;14,914;40;1,488;79;-1,409
652;경북성주군;문화시설;박물관;가야산역사신화공원;2017.01.13;직영;2,865;49,270;6;3,634;163;13,209;330;0;13,209;40;163;7;-156
653;경북성주군;문화시설;문화예술회관;성주문화예술회관;2003.05.26;직영;6,673;14,890;15;22,013;1,043;16,390;410;5,737;10,654;40;1,043;101;-942
654;경북칠곡군;문화시설;문화예술회관;교육문화회관;2000.05.04;직영;13,956;39,076;34;43,992;1,758;17,598;440;7,479;10,119;40;1,758;38;-1,720
655;경북칠곡군;체육시설;육상경기장;칠곡종합운동장;2010.12.10;직영;16,599;153,491;8;31,101;533;35,018;875;6,128;28,890;40;533;11;-523
656;경북칠곡군;체육시설;수영장;수영장;2000.05.04;위탁;1,138;39,076;12;20,280;12;15,700;393;6,673;9,028;40;12;0;-12
657;경북칠곡군;기타시설;기타시설;호국평화기념관;2015.10.15;직영;9,461;232,020;35;181,206;1,842;54,815;1,370;2,741;52,074;40;1,842;208;-1,635
658;경북예천군;기타시설;기타시설;곤충생태원;2007.07.01;직영;3,402;243,836;14;75,262;844;45,100;1,128;11,275;33,825;40;844;181;-663
659;경북울진군;체육시설;육상경기장;울진종합운동장;2006.04.12;직영;6,427;132,227;2;30,000;74;19,700;493;5,418;14,283;40;74;6;-67
660;경북울릉군;문화시설;문화예술회관;울릉수토역사전시관;2017.11.28;직영;1,872;5,234;5;559;200;17,825;446;0;17,825;40;200;0;-200
661;경북울릉군;문화시설;청소년수련회관;울릉한마음회관;2007.12.20;직영;5,287;12,187;11;7,490;231;14,700;368;0;14,700;40;231;1;-229
662;경북울릉군;체육시설;육상경기장;울릉공설운동장;2012.05.31;직영;1,857;55,700;3;5,000;166;17,200;430;2,150;15,050;40;166;0;-166
663;경남본청;문화시설;문화예술회관;경상남도문화예술회관;1988.08.29;직영;14,633;18,894;29;106,915;2,070;28,164;1,054;10,507;17,840;40;2,070;743;-1,327
664;경남창원시;문화시설;공립도서관;성산도서관;2010.05.12;직영;4,943;8,162;12;319,293;1,400;9,432;242;3,227;7,845;40;1,400;41;-1,358
665;경남창원시;문화시설;문화예술회관;3.15아트센터;2008.05.20;위탁;20,040;21,454;16;194,588;1,584;58,598;1,505;18,463;45,537;40;1,584;543;-1,041
666;경남창원시;문화시설;문화예술회관;성산아트홀;2000.04.25;위탁;40,890;38,956;51;332,296;5,740;76,485;1,980;37,914;43,890;40;5,740;2,020;-3,721
667;경남창원시;문화시설;청소년수련회관;늘푸른전당;1997.02.28;위탁;11,994;31,780;23;1,289,730;2,520;13,404;348;7,109;6,650;40;2,520;1,018;-1,502
668;경남창원시;문화시설;청소년수련회관;우리누리청소년문화센터;2008.02.22;위탁;13,915;29,689;33;1,069,935;3,341;18,603;479;8,811;14,524;40;3,341;1,784;-1,557
669;경남창원시;문화시설;과학관;창원과학체험관;2009.12.28;BTL;8,122;31,565;27;158,583;1,195;31,001;238;4,297;26,704;40;1,195;239;-956
670;경남창원시;체육시설;육상경기장;창원종합운동장;1993.03.19;위탁;25,311;369,924;19;1,511,771;1,949;19,996;220;9,955;10,045;40;1,949;1,269;-679
671;경남창원시;체육시설;축구장;창원축구센터;2009.12.01;위탁;14,362;156,293;15;628,002;2,149;116,800;43;113,012;3,788;40;2,149;990;-1,159
672;경남창원시;체육시설;야구장;마산야구장;1982.08.31;위탁;18,248;23,484;16;531,121;0;16,500;175;13,837;2,663;40;0;0;0
673;경남창원시;체육시설;싸이클경기장;창원자전거(경륜)경기장;1997.09.30;위탁;42,339;52,880;312;582,450;32,928;50,487;1,306;39,079;30,137;40;32,928;34,494;1,566
674;경남창원시;체육시설;테니스장;창원시립테니스장;2002.04.30;위탁;1,080;66,871;8;136,168;958;12,000;105;3,751;8,249;40;958;262;-696
675;경남창원시;체육시설;간이운동장;동읍주민운동장;2012.05.02;위탁;110;28,089;2;60,000;111;12,900;59;12,286;614;40;111;84;-27
676;경남창원시;체육시설;체육관;성산스포츠센터;2017.01.02;위탁;11,500;9,916;26;876,884;3,355;32,318;0;0;32,318;40;3,355;2,254;-1,101
677;경남창원시;체육시설;체육관;창원실내체육관;1996.10.12;위탁;14,146;34,422;2;240,536;670;19,500;467;10,751;8,749;40;670;414;-256
678;경남창원시;체육시설;수영장;창원실내수영장;1997.11.04;위탁;14,329;39,626;28;848,064;2,626;28,347;736;13,747;14,599;40;2,626;1,851;-776
679;경남창원시;체육시설;사격장;창원국제사격장;1982.07.16;위탁;19,320;147,088;13;95,860;1,161;46,900;273;6,264;40,636;40;1,161;5;-1,156
680;경남창원시;체육시설;기타체육시설;의창스포츠센터;2009.04.02;위탁;11,903;9,916;28;1,779,753;3,663;29,200;744;6,350;22,850;40;3,663;2,543;-1,120
681;경남창원시;복지시설;종합사회복지관;창원시진해종합사회복지관;2001.04.26;위탁;12,487;174,941;39;515,705;2,950;10,963;118;10,173;7,477;40;2,950;1,593;-1,357
682;경남창원시;기타시설;기타시설;진동종합복지관;2014.04.05;위탁;5,223;26,881;23;198,437;2,235;19,400;1,473;1,476;17,924;40;2,235;652;-1,583
683;경남진주시;문화시설;박물관;진주청동기문화박물관;2009.06.11;직영;2,490;27,373;6;81,437;423;12,162;291;3,479;8,683;40;423;11;-412
684;경남진주시;체육시설;육상경기장;진주종합경기장;2010.07.23;직영;41,160;206,214;10;110,000;955;180,500;4,557;62,633;117,867;40;955;1,128;173
685;경남진주시;체육시설;체육관;진주실내체육관;2008.12.18;직영;14,764;60,522;1;87,385;282;31,600;684;9,179;22,421;40;282;35;-247
686;경남통영시;문화시설;문화예술회관;통영국제음악당;2013.07.05;위탁;14,618;33,058;4;41,092;808;52,000;1,354;4,173;47,827;40;808;428;-381
687;경남통영시;문화시설;문화예술회관;통영시민문화회관;1997.07.28;직영;9,767;97,733;6;114,030;1,675;17,649;240;4,473;13,176;40;1,675;86;-1,589
688;경남통영시;문화시설;과학관;통영수산과학관;2002.06.19;위탁;3,586;14,454;6;137,105;730;13,500;154;2,013;11,487;40;730;165;-565
689;경남사천시;문화시설;문화예술회관;사천시문화예술회관;2001.12.31;직영;5,133;21,576;9;66,252;706;15,408;421;9,516;5,893;30;706;125;-581
690;경남김해시;문화시설;공립도서관;진영한빛도서관;2009.10.06;직영;6,568;20,044;38;0;1,963;18;1;8;10;50;1,963;19;-1,944
691;경남김해시;문화시설;공립도서관;칠암도서관;1999.02.24;직영;5,869;10,362;35;275,718;1,139;11,637;295;5,389;6,248;40;1,139;50;-1,089
692;경남김해시;문화시설;미술관;클레이아크김해;2006.05.31;위탁;11,814;41,925;52;119,703;3,190;22,712;568;11,020;11,692;40;3,190;347;-2,843
693;경남김해시;체육시설;육상경기장;김해운동장;2004.05.20;위탁;3,512;61,127;4;82,148;563;11,157;296;3,553;7,604;40;563;24;-539
694;경남김해시;기타시설;기타시설;김해문화의전당;2005.11.15;위탁;43,633;31,326;98;977,085;9,674;87,364;2,184;33,050;54,314;40;9,674;4,934;-4,740
695;경남밀양시;문화시설;박물관;밀양시립박물관;2007.05.08;직영;5,290;25,231;13;41,129;385;13,016;325;3,145;9,870;40;385;8;-377
696;경남밀양시;문화시설;문화예술회관;밀양아리랑아트센터;2016.05.29;위탁;9,811;10,995;17;138,180;5,236;42,733;623;623;42,110;40;5,236;6,005;770
697;경남밀양시;체육시설;육상경기장;밀양공설운동장;1997.04.30;위탁;2,996;64,318;9;21,408;305;9,774;244;4,826;4,948;40;305;5;-301
698;경남밀양시;체육시설;체육관;미리벌관;2003.12.09;위탁;6,184;68,083;21;277,743;1,327;12,591;195;3,512;9,078;40;1,327;746;-581
699;경남밀양시;체육시설;체육관;배드민턴경기장;2016.03.21;위탁;7,198;11,476;1;6,600;116;17,126;357;357;16,769;40;116;11;-105
700;경남거제시;문화시설;박물관;거제조선해양문화관;2003.09.10;위탁;7,523;22,034;11;163,355;1,000;32,149;804;11,252;20,897;40;1,000;365;-635
701;경남거제시;체육시설;기타체육시설;거제스포츠파크;2012.01.06;위탁;3,278;98,508;4;259,076;368;23,900;598;2,988;20,913;40;368;98;-270
702;경남거제시;기타시설;기타시설;거제문화예술회관;2003.10.21;위탁;20,243;25,749;28;94,880;4,570;62,000;1,550;21,700;40,300;40;4,570;2,222;-2,348
703;경남양산시;문화시설;공립도서관;시립도서관;2010.08.21;직영;6,560;16,735;29;464,660;1,830;14,407;360;2,879;11,528;40;1,830;39;-1,791
704;경남양산시;문화시설;박물관;양산시립박물관;2012.09.21;직영;5,328;13,063;22;112,688;1,753;19,206;480;2,879;16,327;40;1,753;15;-1,738
705;경남양산시;문화시설;문화예술회관;양산문화예술회관;2002.12.21;위탁;2,987;10,753;11;171,538;1,210;16,700;417;6,676;10,024;40;1,210;417;-793
706;경남양산시;체육시설;체육관;국민체육센터;2010.08.20;위탁;8,775;26,519;33;390,819;1,813;24,692;617;4,936;19,756;40;1,813;1,483;-330
707;경남양산시;체육시설;체육관;양산주민편익시설;2010.04.08;위탁;5,140;10,199;24;306,174;1,289;18,088;452;3,616;14,472;40;1,289;977;-312
708;경남양산시;체육시설;체육관;웅상문화체육센터;2008.04.01;위탁;14,318;10,000;26;304,857;1,698;25,600;640;6,398;19,203;40;1,698;1,085;-613
709;경남양산시;체육시설;기타체육시설;양산종합운동장;2002.11.15;위탁;25,950;140,500;14;233,664;971;60,384;1,509;24,150;36,234;40;971;286;-685
710;경남양산시;체육시설;기타체육시설;웅상체육공원;2013.04.30;위탁;223;124,794;5;189,706;175;28,614;715;3,576;25,039;40;175;94;-81
711;경남함안군;문화시설;문화예술회관;함안문화예술회관;2005.03.31;직영;4,641;8,260;6;67,562;839;11,900;297;3,567;8,333;40;839;203;-636
712;경남함안군;체육시설;육상경기장;함안공설운동장;1999.12.27;직영;7,937;12,597;6;45,652;97;19,177;479;8,625;10,552;40;97;24;-73
713;경남함안군;체육시설;체육관;함안체육관;2011.07.06;위탁;8,852;12,130;15;188,000;1,225;19,300;482;2,894;16,407;40;1,225;1,091;-134
714;경남함안군;체육시설;기타체육시설;스포츠타운;2011.04.29;직영;609;87,676;6;58,896;115;25,400;635;3,809;21,592;40;115;36;-79
715;경남함안군;복지시설;종합사회복지관;함안군 종합사회복지관;2010.10.01;직영;2,736;7,296;4;44,000;313;10,968;274;1,918;9,050;40;313;64;-250
716;경남창녕군;문화시설;박물관;우포늪생태관;2007.07.31;직영;3,931;115,192;19;46,760;1,080;17,736;986;9,764;7,972;40;1,080;47;-1,033
717;경남창녕군;문화시설;문화예술회관;창녕문화예술회관;2012.06.26;직영;4,463;16,411;5;47,945;611;22,741;812;2,541;20,496;40;611;102;-509
718;경남창녕군;체육시설;축구장;창녕스포츠파크;2009.12.29;위탁;520;74,360;4;42,001;410;12,362;224;1,364;10,997;40;410;5;-406
719;경남고성군;문화시설;박물관;고성공룡박물관;2004.11.09;직영;3,462;7,400;26;351,749;1,417;12,880;495;4,508;8,372;40;1,417;1,429;12
720;경남고성군;체육시설;축구장;고성군 스포츠 타운;2014.02.26;직영;261;83,043;1;55,298;86;14,770;410;1,477;13,293;40;86;16;-71
721;경남고성군;체육시설;체육관;고성군국민체육센터;2013.07.19;직영;5,791;6,980;1;41,668;90;10,000;286;1,250;8,750;40;90;28;-62
722;경남남해군;체육시설;체육관;남해실내체육관;2008.12.12;직영;5,627;8,912;3;34,285;127;15,200;729;5,887;8,287;40;127;5;-122
723;경남남해군;체육시설;수영장;남해군국민체육센터;2015.07.01;직영;4,213;5,832;17;117,783;738;10,250;257;260;11,120;40;738;350;-388
724;경남함양군;문화시설;문화예술회관;함양군문화예술회관;2011.09.23;직영;5,580;17,541;3;64,896;241;20,473;512;3,147;17,326;40;241;38;-203
725;경남거창군;문화시설;문화예술회관;거창문화센터;2001.06.20;위탁;4,153;6,356;11;40,358;564;13,160;54;893;12,267;40;564;145;-418
726;경남거창군;체육시설;기타체육시설;거창스포츠파크;2009.10.09;직영;9,708;98,850;20;150,000;784;34,661;112;149;34,512;40;784;25;-759
727;제주본청;문화시설;박물관;4.3평화기념관;2008.03.28;위탁;11,455;219,031;10;233,276;1,200;38,445;933;8,958;29,487;40;1,200;4;-1,196
728;제주본청;문화시설;박물관;감귤박물관;2005.02.25;직영;7,137;98,426;15;109,693;844;24,300;415;4,536;19,764;40;844;157;-687
729;제주본청;문화시설;박물관;돌박물관;2006.06.03;직영;20,806;969,759;53;217,710;1,788;62,800;1,684;17,551;45,248;40;1,788;360;-1,428
730;제주본청;문화시설;문화예술회관;서귀포예술의전당;2014.01.29;직영;8,481;44,240;23;49,362;1,509;43,400;955;4,862;38,538;40;1,509;341;-1,168
731;제주본청;문화시설;문화예술회관;제주아트센터;2010.05.07;직영;9,483;30,390;23;80,580;1,323;31,400;781;5,956;25,444;40;1,323;298;-1,025
732;제주본청;체육시설;축구장;제주월드컵경기장;2002.01.14;직영;76,302;134,122;11;120,196;1,514;120,479;2,694;37,978;82,501;40;1,514;166;-1,348
733;제주본청;체육시설;축구장;제주종합경기장 주경기장;1968.07.30;직영;11,399;30,327;2;124,899;245;31,491;1,903;19,282;12,209;40;245;32;-213
734;제주본청;체육시설;수영장;서귀포국민체육센터;2005.12.28;직영;7,837;7,927;13;168,898;1,112;12,154;191;2,991;9,163;40;1,112;262;-850
735;제주본청;체육시설;기타체육시설;공천포전지훈련센터;2010.04.23;직영;5,822;148,462;4;70,658;291;26,800;994;9,406;17,394;40;291;16;-275
736;제주본청;기타시설;기타시설;제주별빛누리공원;2009.03.20;직영;4,328;33,637;12;103,401;1,175;15,558;602;5,732;9,825;40;1,175;241;-934
737;제주본청;기타시설;기타시설;제주세계자연유산센터;2012.09.04;직영;7,335;39,789;29;82,169;1,598;29,867;1,168;5,605;24,262;40;1,598;104;-1,494